[{"senderKeyId":239653210,"senderChainKey":{"iteration":85,"seed":"YS8TWygXDeOi4bdDxDTuf20AY7NibnztS0xoqjxC7QI="},"senderSigningKey":{"public":"BefrNDvwGgYDN5FsC820YgWvvOgWjc56EdURChJOEC5V"},"senderMessageKeys":[]},{"senderKeyId":239653210,"senderChainKey":{"iteration":2,"seed":"25P2m+yA4BEAYYuIXTY0fv7a1rsl2nMi8Ff6aoaGfGY="},"senderSigningKey":{"public":"BefrNDvwGgYDN5FsC820YgWvvOgWjc56EdURChJOEC5V"},"senderMessageKeys":[]},{"senderKeyId":239653210,"senderChainKey":{"iteration":56,"seed":"nAZBt8zWMu5sdiYyuwvkcVmCogYWLCVLTv8rJoC0z/M="},"senderSigningKey":{"public":"BefrNDvwGgYDN5FsC820YgWvvOgWjc56EdURChJOEC5V"},"senderMessageKeys":[]},{"senderKeyId":262585912,"senderChainKey":{"iteration":13,"seed":"kSfw82pkumVSwEgYN9qnQEsVbDZ6OMaEyUqpmPiqIkU="},"senderSigningKey":{"public":"BRgDCHTyO8g+PcXgcs1jS3ATHQoiEPQqhqI3JEYw9Cs9"},"senderMessageKeys":[]},{"senderKeyId":826919785,"senderChainKey":{"iteration":18,"seed":"/Ld078ow4+Jf84Wour55iCKondYHMwxjuAi9eceGDoo="},"senderSigningKey":{"public":"BVr9zAbv0wqeqMR7qCmWnGYgbMBDW3bUjDdCWBMk+8V8"}}]