{"_sessions":{"BSM6y99vZqtG+WX/R/qzLtAWZbI0mkzVfqBIF/oefnBP":{"registrationId":693116160,"currentRatchet":{"ephemeralKeyPair":{"pubKey":"BasAYJJG7mbfiDD5j+StQFGwQzpLtpe9o3KtuHmTgXg/","privKey":"WJM0QpGKvYIxrS952BRsrAZA7/5cfmoYmfLpe145zVA="},"lastRemoteEphemeralKey":"BYT7wZ7+zVs6Ep5WEYQkpOHQQ4TvB9ulhkXzpG6Zs8R+","previousCounter":0,"rootKey":"ssaKqeYrkgRCjaIRJ8mKnu9gcY3oFdsJk9ygUM+sFYI="},"indexInfo":{"baseKey":"BSM6y99vZqtG+WX/R/qzLtAWZbI0mkzVfqBIF/oefnBP","baseKeyType":1,"closed":-1,"used":1706407675731,"created":1706407675731,"remoteIdentityKey":"Bb0ABwv59iZRfpQXLGasWH4IkkAeL9iFlpCpoJ6R/NkE"},"_chains":{"BasAYJJG7mbfiDD5j+StQFGwQzpLtpe9o3KtuHmTgXg/":{"chainKey":{"counter":26,"key":"jy+9bIIZiUHuhp+fWNU7CUmlsJbwsg7tmnn7l3/QGnI="},"chainType":1,"messageKeys":{}}},"pendingPreKey":{"signedKeyId":1,"baseKey":"BSM6y99vZqtG+WX/R/qzLtAWZbI0mkzVfqBIF/oefnBP"}}},"version":"v1"}