{"_sessions":{"BZ40tJ5IpvRAeGK450TDcBXVsc6z1aP8nBz3IUXsMwYZ":{"registrationId":1708358376,"currentRatchet":{"ephemeralKeyPair":{"pubKey":"BcE2J1uLsIxcsz91xI603p+xEvWFr+OqQRQ7L5YssOtv","privKey":"2AVcNY/mZ8KPXEM97xbPdi+tUORZ1kpG61+zvXCK1nk="},"lastRemoteEphemeralKey":"BSbWheQj2D/7Q9p/f8cB9NkRLt/6IadAn6zoJO+oxFJl","previousCounter":0,"rootKey":"1ELQeIXRjpYuf434oxBocPmwOR49keWhv80OsHU+QVI="},"indexInfo":{"baseKey":"BZ40tJ5IpvRAeGK450TDcBXVsc6z1aP8nBz3IUXsMwYZ","baseKeyType":1,"closed":-1,"used":1706443569718,"created":1706443569718,"remoteIdentityKey":"Ba2AlVmpJ+GRyGWU+r2lYlMys/x4TIv9o0XGLUEdYOI1"},"_chains":{"BcE2J1uLsIxcsz91xI603p+xEvWFr+OqQRQ7L5YssOtv":{"chainKey":{"counter":0,"key":"esMRUk+OnJ0wAeRNMO36uyNp2H+IvYJ8eOwwJLOJLEc="},"chainType":1,"messageKeys":{}}},"pendingPreKey":{"signedKeyId":7,"baseKey":"BZ40tJ5IpvRAeGK450TDcBXVsc6z1aP8nBz3IUXsMwYZ","preKeyId":11592241}}},"version":"v1"}