{"_sessions":{"BYnP7akJZ8WnRCbaLfFx4oKXQ+AIDDSMpZh1vWx9CiBr":{"registrationId":434539200,"currentRatchet":{"ephemeralKeyPair":{"pubKey":"BdaFIjjz0dbHAnvMtdP2qtgt7DWs+pvJUDDoL6iqbgYq","privKey":"EADgbeu0ZAZ0VoxOUElk16AzJiQcNW4qS2zqyw5flUs="},"lastRemoteEphemeralKey":"BRk61ROYLjWU0VzB4FsQlS82TwRkyxQm4nl95NryZYZr","previousCounter":0,"rootKey":"WZFHL9wgFWXkKi63PkEybT4ooLqHrzPIIY0gSeVjbbg="},"indexInfo":{"baseKey":"BYnP7akJZ8WnRCbaLfFx4oKXQ+AIDDSMpZh1vWx9CiBr","baseKeyType":1,"closed":-1,"used":1706443569904,"created":1706443569904,"remoteIdentityKey":"BXKr4168GE3maraQ7zKMD+zs89FmHVJJ2zjQvi4beWBp"},"_chains":{"BdaFIjjz0dbHAnvMtdP2qtgt7DWs+pvJUDDoL6iqbgYq":{"chainKey":{"counter":0,"key":"zHr8Fz7UGFSqr+FU2Fcdc6ov5yDw+V81+xt0LD/8Ki8="},"chainType":1,"messageKeys":{}}},"pendingPreKey":{"signedKeyId":1,"baseKey":"BYnP7akJZ8WnRCbaLfFx4oKXQ+AIDDSMpZh1vWx9CiBr","preKeyId":7944692}}},"version":"v1"}