{"_sessions":{"BSWbTrfUwdm1qhedbwlsM5sXUaJDlhZ/JIv26b7LUd8c":{"registrationId":1937735651,"currentRatchet":{"ephemeralKeyPair":{"pubKey":"BUEram63zlMuRvKNoxq+qZnzUuMbrZGMPO7aMc8B+zkf","privKey":"mEGGQx0/IQderfja/EFxhWma/ke+9u2mEWUbu+FG8mQ="},"lastRemoteEphemeralKey":"BfzmIQ3QURo5V/CHF/LYYdmU0g88vHmnM6Tu/QcbOvh2","previousCounter":0,"rootKey":"jTnPzXtNIuMrPW6ALDAVsD+gy6vplAUp9Ds01citQ54="},"indexInfo":{"baseKey":"BSWbTrfUwdm1qhedbwlsM5sXUaJDlhZ/JIv26b7LUd8c","baseKeyType":1,"closed":-1,"used":1706443569796,"created":1706443569796,"remoteIdentityKey":"BaPIoKb1xdUHWkwnDw1tc2/zbZLuvytEj4ds2H0SZnpB"},"_chains":{"BUEram63zlMuRvKNoxq+qZnzUuMbrZGMPO7aMc8B+zkf":{"chainKey":{"counter":0,"key":"aKh9zs9ezBy2C/SYnTqV/DpSyGhb+acHPrSJ5nNrsIM="},"chainType":1,"messageKeys":{}}},"pendingPreKey":{"signedKeyId":5,"baseKey":"BSWbTrfUwdm1qhedbwlsM5sXUaJDlhZ/JIv26b7LUd8c","preKeyId":13547528}}},"version":"v1"}