{"_sessions":{"BZee1JJg7qaKdERTYYbQSuO37sNJ/khiZFbBrWn5uC5B":{"registrationId":467571689,"currentRatchet":{"ephemeralKeyPair":{"pubKey":"BX225WQLcJhfApLX+PM3yop8od0ktR2bjWjS4l1r1qBb","privKey":"wJp72V/15W8BERX6JrTRJ3goyv8bwEZzbFdiuaxGTnE="},"lastRemoteEphemeralKey":"BTjtJWfBqGjVRpH+euur/gjHqUGmycEN4gOPfLiH8/Id","previousCounter":0,"rootKey":"NhU2K0Y+DFnTuKmd4ACjKKmfw+l5zuSwtq0MMkUrKNE="},"indexInfo":{"baseKey":"BZee1JJg7qaKdERTYYbQSuO37sNJ/khiZFbBrWn5uC5B","baseKeyType":1,"closed":-1,"used":1706443569530,"created":1706443569530,"remoteIdentityKey":"BZGSiG9Y55fyU56OuglJwBShHKnyo802G7rVB6OLhQRx"},"_chains":{"BX225WQLcJhfApLX+PM3yop8od0ktR2bjWjS4l1r1qBb":{"chainKey":{"counter":0,"key":"SYePuBXR/Dlzljj0ZKzHvJZFAYTxUjuQqlHy4MGXeF8="},"chainType":1,"messageKeys":{}}},"pendingPreKey":{"signedKeyId":4,"baseKey":"BZee1JJg7qaKdERTYYbQSuO37sNJ/khiZFbBrWn5uC5B","preKeyId":6368495}}},"version":"v1"}