{"_sessions":{"BWN8QM+ZIzsQ5YWMBOjjO+8xRSEa6PI6j8QbN1cnzdMM":{"registrationId":832748397,"currentRatchet":{"ephemeralKeyPair":{"pubKey":"BbHe2LmogdI4Qdk07VpX8yPjusFbuNlejwbOdmvpWGsa","privKey":"cGjZqZqAqYd0+X8HwI0M98A5dFWlUfl2XuQRTZ89nHQ="},"lastRemoteEphemeralKey":"BU/GSTADhog12e10k+0t+GrCDAXoZwHPrWCO20DzyMkZ","previousCounter":0,"rootKey":"LD4PK6OVqwPcAuy4lLwIF2yu4QqXHZLoF0IvLOpvhCI="},"indexInfo":{"baseKey":"BWN8QM+ZIzsQ5YWMBOjjO+8xRSEa6PI6j8QbN1cnzdMM","baseKeyType":2,"closed":1706407678029,"used":1706407471740,"created":1706407471740,"remoteIdentityKey":"BWnCB2yA8UiRSsZS6izMZybLoDe1WyB4oUepEOseoT5L"},"_chains":{"BU/GSTADhog12e10k+0t+GrCDAXoZwHPrWCO20DzyMkZ":{"chainKey":{"counter":7,"key":"xEBOAAh2IyUbKZSjsVqhgBI+EFFzFfrTo/Em5b8RyHY="},"chainType":2,"messageKeys":{}},"BbHe2LmogdI4Qdk07VpX8yPjusFbuNlejwbOdmvpWGsa":{"chainKey":{"counter":8,"key":"Ifk8qQvWWq8t6ByaM8t/YJDIpFxEgzPH5xExnuv6+Ek="},"chainType":1,"messageKeys":{}}}},"BdAEHsFFQvi1GKX3mdrWkjlFIjGHR8J6nG6JGixJ860a":{"registrationId":832748397,"currentRatchet":{"ephemeralKeyPair":{"pubKey":"BQCWdVNbt4lPFGJA/xUFYIj8d9VOZFc4H/I25rK18dkB","privKey":"uEYRYw5tj+nXigf0LzCeDz0t8DZu+iZvAQHE2VfyVkM="},"lastRemoteEphemeralKey":"BSO7TUqrEqkplF6SnLAE20TnShVxfSYzO6iHqzG2c84U","previousCounter":0,"rootKey":"kJdiEuRipt5u+GII/o5qFHWdKguzMahIaRHJqE5RFM4="},"indexInfo":{"baseKey":"BdAEHsFFQvi1GKX3mdrWkjlFIjGHR8J6nG6JGixJ860a","baseKeyType":1,"closed":1706407678558,"used":1706407678029,"created":1706407678029,"remoteIdentityKey":"BWnCB2yA8UiRSsZS6izMZybLoDe1WyB4oUepEOseoT5L"},"_chains":{"BQCWdVNbt4lPFGJA/xUFYIj8d9VOZFc4H/I25rK18dkB":{"chainKey":{"counter":-1,"key":"OSpGScZq6HIKynOqNsc6Xn1rdebICt6Rmue3LEe9z0g="},"chainType":1,"messageKeys":{}}},"pendingPreKey":{"signedKeyId":0,"baseKey":"BdAEHsFFQvi1GKX3mdrWkjlFIjGHR8J6nG6JGixJ860a","preKeyId":10959905}},"BbGpmf8Ldm+E563bVBg1YF0ovQkk8VBTkg7FRmDeaPVa":{"registrationId":832748397,"currentRatchet":{"ephemeralKeyPair":{"pubKey":"BUCqq/cjn2PmWv5apeAWxKO5ukjqMjng1A1L/toDg8Rz","privKey":"GCUipA6z1PidPhEsZdUibQc/XpXyO/2jgsVv1fRNk2Y="},"lastRemoteEphemeralKey":"BSO7TUqrEqkplF6SnLAE20TnShVxfSYzO6iHqzG2c84U","previousCounter":0,"rootKey":"O8K/3sfJq6/qTNwhI6o4NSZNB5UNie1srL11XtWX9E0="},"indexInfo":{"baseKey":"BbGpmf8Ldm+E563bVBg1YF0ovQkk8VBTkg7FRmDeaPVa","baseKeyType":1,"closed":1706407679424,"used":1706407678557,"created":1706407678557,"remoteIdentityKey":"BWnCB2yA8UiRSsZS6izMZybLoDe1WyB4oUepEOseoT5L"},"_chains":{"BUCqq/cjn2PmWv5apeAWxKO5ukjqMjng1A1L/toDg8Rz":{"chainKey":{"counter":1,"key":"GesPVnXsdyelnDPzEJaYirXgs5P2M8iqGmhZbxfrvBs="},"chainType":1,"messageKeys":{}}},"pendingPreKey":{"signedKeyId":0,"baseKey":"BbGpmf8Ldm+E563bVBg1YF0ovQkk8VBTkg7FRmDeaPVa","preKeyId":10960662}},"BXBhjLfu4VXs5JRwJBAQT3ZY1tOXr/46hs+LlYe35bwn":{"registrationId":832748397,"currentRatchet":{"ephemeralKeyPair":{"pubKey":"BamFVi3+o19YF21eWQFu/Gjyfo5VumLYssajiLzPjBNW","privKey":"INfR6KLXLH5YIBved9TT7l0Qgp7X5TMgijhxVo+QwGo="},"lastRemoteEphemeralKey":"BSO7TUqrEqkplF6SnLAE20TnShVxfSYzO6iHqzG2c84U","previousCounter":0,"rootKey":"DnST3bIRxakNEfoCQCQH/pSwFKBkrIqnP7odmw0dRag="},"indexInfo":{"baseKey":"BXBhjLfu4VXs5JRwJBAQT3ZY1tOXr/46hs+LlYe35bwn","baseKeyType":1,"closed":1706407679971,"used":1706407679423,"created":1706407679423,"remoteIdentityKey":"BWnCB2yA8UiRSsZS6izMZybLoDe1WyB4oUepEOseoT5L"},"_chains":{"BamFVi3+o19YF21eWQFu/Gjyfo5VumLYssajiLzPjBNW":{"chainKey":{"counter":0,"key":"+1pG8HZN7ERCSls/ncFOIrwOfLI8z+36pPGuTgQo5zs="},"chainType":1,"messageKeys":{}}},"pendingPreKey":{"signedKeyId":0,"baseKey":"BXBhjLfu4VXs5JRwJBAQT3ZY1tOXr/46hs+LlYe35bwn","preKeyId":10959916}},"BeSpqO5n0T6yUcx8VhGbyWyfxpiU/VrUenvyxYFaYNpJ":{"registrationId":832748397,"currentRatchet":{"ephemeralKeyPair":{"pubKey":"BdVjwG6tzEHJMyHdCYrT3kx4LdRL2G70/KljxuMBHGp+","privKey":"kN+Ic7fGsnrzAGLSCOR7GBz1jVN84oLvgDijKevilV8="},"lastRemoteEphemeralKey":"BV9ljJU7wCFoofOQCugyh2Yn2JppYlQosy6rU16cx7sz","previousCounter":4,"rootKey":"h/OqAmR0xOFZLok7Fj+V+C4Xvdl0rxAdKeUH5+9BiBo="},"indexInfo":{"baseKey":"BeSpqO5n0T6yUcx8VhGbyWyfxpiU/VrUenvyxYFaYNpJ","baseKeyType":1,"closed":-1,"used":1706409404044,"created":1706407679970,"remoteIdentityKey":"BWnCB2yA8UiRSsZS6izMZybLoDe1WyB4oUepEOseoT5L"},"_chains":{"BaFY3wbSBSCCGrt2qmu/uQqtXViRe1wNhbrPeNgi4qxB":{"chainKey":{"counter":1},"chainType":2,"messageKeys":{}},"Bdmx2vbriynnYQ50leJ4PVFinpzv41sE45086o5+q7UZ":{"chainKey":{"counter":0},"chainType":2,"messageKeys":{}},"BWNEdBSOCBy6pV5XH2e20UukkLJ9JBsVXEYQ/e4/Y05P":{"chainKey":{"counter":0},"chainType":2,"messageKeys":{}},"BV9ljJU7wCFoofOQCugyh2Yn2JppYlQosy6rU16cx7sz":{"chainKey":{"counter":11,"key":"InT8hWwxHjoVvShIoWCUsI7q8u19Vr4MH1B601urOoE="},"chainType":2,"messageKeys":{}},"BdVjwG6tzEHJMyHdCYrT3kx4LdRL2G70/KljxuMBHGp+":{"chainKey":{"counter":288,"key":"yCB1mF7txRxQ7tCFDmf+CBzSzqAQAg0Gev8iyDXr5zk="},"chainType":1,"messageKeys":{}}}}},"version":"v1"}