{"_sessions":{"BdosZ8yPPb5Q9zSt8UYrdYTxCtjlJrdNq9+9WmaY9Joc":{"registrationId":1802383025,"currentRatchet":{"ephemeralKeyPair":{"pubKey":"BUKTH6OrCLXWhoWQWhu4Y6pO02fIcnAqEoiggJrnWW13","privKey":"kEsI4DiqDes6v/vCS5My07a3F3Jtac+XWbVjv4Zf8kU="},"lastRemoteEphemeralKey":"Bc97tKl786vf0aTmZa5y/cvAWRRsTaRQRD7W8xeQ65kT","previousCounter":0,"rootKey":"A2dX+5LECXTVdNXHgrpxsWHoCGI96/Uasbb+I1WUrxk="},"indexInfo":{"baseKey":"BdosZ8yPPb5Q9zSt8UYrdYTxCtjlJrdNq9+9WmaY9Joc","baseKeyType":1,"closed":-1,"used":1706443569550,"created":1706443569550,"remoteIdentityKey":"BWJSY+QaSn5oXXBU6VrboDgLPlq9GtXLDMxq+sHuZZEv"},"_chains":{"BUKTH6OrCLXWhoWQWhu4Y6pO02fIcnAqEoiggJrnWW13":{"chainKey":{"counter":0,"key":"U6bFpxk2hx/Ucj/NbSlie5CRRd9Nd6fttGBYzVMUYME="},"chainType":1,"messageKeys":{}}},"pendingPreKey":{"signedKeyId":7,"baseKey":"BdosZ8yPPb5Q9zSt8UYrdYTxCtjlJrdNq9+9WmaY9Joc","preKeyId":394791}}},"version":"v1"}