{"_sessions":{"Bba1SgSJ3bTpVkLsd3HFL8PGUlNL6BYOBhmIrxTTQLke":{"registrationId":2138251287,"currentRatchet":{"ephemeralKeyPair":{"pubKey":"BfTSAKUgEQewUVEW4BQ0UfQkuNOT/inCaNqpaORCUIAg","privKey":"MFr15anQxVONX/5nJVDiasJUukjD13QpZhu4KgGRW20="},"lastRemoteEphemeralKey":"BUgrefRj0DEMOOxN96QZtDkVWysLqlQBSzxEXc2gEi8l","previousCounter":0,"rootKey":"KFpaF8h4cYwues0TK9OMBYU/OL9xw5P/OwibTPM0kaE="},"indexInfo":{"baseKey":"Bba1SgSJ3bTpVkLsd3HFL8PGUlNL6BYOBhmIrxTTQLke","baseKeyType":1,"closed":-1,"used":1706443569761,"created":1706443569761,"remoteIdentityKey":"BQLsYnsJ8mN7WvWrcdW3IkMwn95HKRwOp/5Tj5pSD5tz"},"_chains":{"BfTSAKUgEQewUVEW4BQ0UfQkuNOT/inCaNqpaORCUIAg":{"chainKey":{"counter":0,"key":"sUIIFXXiQan3hCuYA/q1+sAoirNXZCOQnbU2dWUD4Hc="},"chainType":1,"messageKeys":{}}},"pendingPreKey":{"signedKeyId":21,"baseKey":"Bba1SgSJ3bTpVkLsd3HFL8PGUlNL6BYOBhmIrxTTQLke"}}},"version":"v1"}