{"_sessions":{"BenQk9S+fXTIUdeOku/y/wbzIHK6x3S8WLW/lNx+ba1e":{"registrationId":1783966292,"currentRatchet":{"ephemeralKeyPair":{"pubKey":"Bel9V8yk0ocUIzs+Em6EGsdBDh05YEJlnbmlV1B/5xQf","privKey":"eCZC2V+7N4GG1jQ9OiMq2NR3elBcfuuLE5rquSLeBXA="},"lastRemoteEphemeralKey":"Bcd/qH4M2xnW/d42j37zeUPV1d9TlwvK5/Ymrg9VPmxp","previousCounter":0,"rootKey":"J2lwWaZfMxcNgH0wwytkWFYL12jyJa7R852Ny2tkEvI="},"indexInfo":{"baseKey":"BenQk9S+fXTIUdeOku/y/wbzIHK6x3S8WLW/lNx+ba1e","baseKeyType":1,"closed":-1,"used":1706443569647,"created":1706443569647,"remoteIdentityKey":"BeXfXsA41D+cLC8sdv137c/+DwTVWCAq2oL8j/W/YQc+"},"_chains":{"Bel9V8yk0ocUIzs+Em6EGsdBDh05YEJlnbmlV1B/5xQf":{"chainKey":{"counter":0,"key":"l5B+yHvdqUhjjdWOqU7czQwMrh2bWX2eL4Ggf02BFy8="},"chainType":1,"messageKeys":{}}},"pendingPreKey":{"signedKeyId":1,"baseKey":"BenQk9S+fXTIUdeOku/y/wbzIHK6x3S8WLW/lNx+ba1e"}}},"version":"v1"}