{"_sessions":{"BTdXH8CoktOPb5MbpWc90WY/TiUFd8pPqLXfHy6PWf0O":{"registrationId":1200187291,"currentRatchet":{"ephemeralKeyPair":{"pubKey":"BbDVsOsEIAwpgs1OPZ8s3CS2/n8+U90KpiNmkDukaZRI","privKey":"SDmGxHrUCnlwdv+G+M3UxifiYBqWnBn/NKf7+mE/nVk="},"lastRemoteEphemeralKey":"BVLbKGmI5TWLWJljCCUjJvsF5kRPjTXv+5nIp3gY7ExD","previousCounter":0,"rootKey":"4i2URSzMlCnKkO9mhn3P5naHg3B6TSGxOY/Vu1lQPxo="},"indexInfo":{"baseKey":"BTdXH8CoktOPb5MbpWc90WY/TiUFd8pPqLXfHy6PWf0O","baseKeyType":1,"closed":-1,"used":1706407675886,"created":1706407675886,"remoteIdentityKey":"BbOn1LvDGvNR9JjbgSqFGvmtbzarq+lJUXJhlM3RjjcK"},"_chains":{"BbDVsOsEIAwpgs1OPZ8s3CS2/n8+U90KpiNmkDukaZRI":{"chainKey":{"counter":31,"key":"m5SvdILB4wgKiYhf076CdcVLZIJLA094pdI6gt66jgM="},"chainType":1,"messageKeys":{}}},"pendingPreKey":{"signedKeyId":6,"baseKey":"BTdXH8CoktOPb5MbpWc90WY/TiUFd8pPqLXfHy6PWf0O"}}},"version":"v1"}