{"_sessions":{"BRnoOSMEB+0z+DyDm3dmgID+i8vziJhX2Skn+ZSD4zZA":{"registrationId":426240068,"currentRatchet":{"ephemeralKeyPair":{"pubKey":"BTs0LMCv7Auva+tJC4WHuijgv2+iItVDvgDUWm/S2tds","privKey":"2J3ZMl+AXRJLItG5UugzMIwIo0D/SINMZ2zWwg39L1E="},"lastRemoteEphemeralKey":"BXvXTCfhAhVm4EL2dJMpzii+SeYA0oy9e6KmtWzdxYF2","previousCounter":0,"rootKey":"d1VJt9ndB+PLxWk19BkjkZ9FWj+92RSVnIy8WguI3Ck="},"indexInfo":{"baseKey":"BRnoOSMEB+0z+DyDm3dmgID+i8vziJhX2Skn+ZSD4zZA","baseKeyType":1,"closed":-1,"used":1706443569760,"created":1706443569760,"remoteIdentityKey":"Basp8Ka/qil0HKgouZchsjU+UuRM7mjcM0p6UNmsCmg7"},"_chains":{"BTs0LMCv7Auva+tJC4WHuijgv2+iItVDvgDUWm/S2tds":{"chainKey":{"counter":0,"key":"lymln+L21Nl2Pt5akVHbdbsdO1IABtpZMFVLABQXtRs="},"chainType":1,"messageKeys":{}}},"pendingPreKey":{"signedKeyId":0,"baseKey":"BRnoOSMEB+0z+DyDm3dmgID+i8vziJhX2Skn+ZSD4zZA"}}},"version":"v1"}