{"_sessions":{"BQF4lsiQ4+WTC/v5rRa8Iyod2Zu6zx2aWe5KIWUpUP9i":{"registrationId":417549109,"currentRatchet":{"ephemeralKeyPair":{"pubKey":"Bfe4v9b9Z2CnAYhocUhkTTYn35R30g77Vu7PEasfm7o3","privKey":"wMOFhSLgxqTeKaLlPM5gBurDw8sDEa9lI3spOrjLzWw="},"lastRemoteEphemeralKey":"BTfblzR4LlER1WU8UdIrbUU/P/unMaWSADf8Ol0fMtNV","previousCounter":0,"rootKey":"46DQaR4P7YdLC0sJQ3K2eGUSTdvbmRuXV8OClNkvGQY="},"indexInfo":{"baseKey":"BQF4lsiQ4+WTC/v5rRa8Iyod2Zu6zx2aWe5KIWUpUP9i","baseKeyType":1,"closed":-1,"used":1706407675882,"created":1706407675882,"remoteIdentityKey":"BTkNHar3QISodh1n4GcFuWtlUNqycyojEkoW6oQjlFcV"},"_chains":{"Bfe4v9b9Z2CnAYhocUhkTTYn35R30g77Vu7PEasfm7o3":{"chainKey":{"counter":31,"key":"VOc74RD3J2MZMZAD9VF3q6XSm26Txdk9YtAWQAU/yA4="},"chainType":1,"messageKeys":{}}},"pendingPreKey":{"signedKeyId":631833,"baseKey":"BQF4lsiQ4+WTC/v5rRa8Iyod2Zu6zx2aWe5KIWUpUP9i","preKeyId":15669}}},"version":"v1"}