{"_sessions":{"BWvFmSFGrRNmEMZYGYBAGJtHbz+T2IjrVsFdAAwa9cFI":{"registrationId":1117448378,"currentRatchet":{"ephemeralKeyPair":{"pubKey":"BXJGVxsZWYAKT3OJ0dK40lFoyWZpSi7ypu18gTZD87cw","privKey":"IOnf/WFwVC1ePD2lzsO9YtBfqJaYiA/+mjed/SCy8kM="},"lastRemoteEphemeralKey":"BbQl9yjph1PBwcKqM+cquMMalSofYvr+NyVAxCyoX7tf","previousCounter":0,"rootKey":"u5PbsAdt6cde6QTJRbkoV9+sYA4pwmcYXYJlqTGECo4="},"indexInfo":{"baseKey":"BWvFmSFGrRNmEMZYGYBAGJtHbz+T2IjrVsFdAAwa9cFI","baseKeyType":1,"closed":-1,"used":1706443569865,"created":1706443569865,"remoteIdentityKey":"BXUOUFMcIi54jEVIkGv+SyHk/OePBcRAbyD5DPFJGQgF"},"_chains":{"BXJGVxsZWYAKT3OJ0dK40lFoyWZpSi7ypu18gTZD87cw":{"chainKey":{"counter":0,"key":"viQIQ+W2oPcA0cccWhEWU/B7gkakyfocVkMQzi7cP14="},"chainType":1,"messageKeys":{}}},"pendingPreKey":{"signedKeyId":9,"baseKey":"BWvFmSFGrRNmEMZYGYBAGJtHbz+T2IjrVsFdAAwa9cFI","preKeyId":5977958}}},"version":"v1"}