{"_sessions":{"BcJ2uxb1N4jNmRoeUEL0wFIQAmO/84hrGlvqmPGJM8xz":{"registrationId":1513058889,"currentRatchet":{"ephemeralKeyPair":{"pubKey":"BXbWjlnqEMyBTpbQsjAdaF0oYnvXb6faJ/P46UAUjUU6","privKey":"4GX0QX51Ftb/2LBlK4e/lk6hR2Qxrv4QS1gTOLPJTVc="},"lastRemoteEphemeralKey":"BfcC0dIx58fFaedDTXqbSqq94LUyZ95hdQkOP2/aJkIs","previousCounter":0,"rootKey":"5bVhscCaT5G78LvYkrupW9hVIeP2xT2v5tu8igBhG2I="},"indexInfo":{"baseKey":"BcJ2uxb1N4jNmRoeUEL0wFIQAmO/84hrGlvqmPGJM8xz","baseKeyType":1,"closed":-1,"used":1706443569498,"created":1706443569498,"remoteIdentityKey":"BbeY3SxlHcEjf4Ecqzb6dcMI0NTA8nPuiSTK82nTW/MZ"},"_chains":{"BXbWjlnqEMyBTpbQsjAdaF0oYnvXb6faJ/P46UAUjUU6":{"chainKey":{"counter":0,"key":"DaiWVvB3h3XPAQY6LCqHUGokK5HP8oRmJzrL2Dy4THE="},"chainType":1,"messageKeys":{}}},"pendingPreKey":{"signedKeyId":8,"baseKey":"BcJ2uxb1N4jNmRoeUEL0wFIQAmO/84hrGlvqmPGJM8xz","preKeyId":4176273}}},"version":"v1"}