{"_sessions":{"BSfQy5qQftZKkAZDbiZYCXL6w160k1N7pSGBcEu2P8YO":{"registrationId":1393605735,"currentRatchet":{"ephemeralKeyPair":{"pubKey":"Bfu3bDCkfJaNAZqucSx6oVhz7vg/5FKShAmQMNPLyh5W","privKey":"4GYf48UEM9WwVurQp++U9H6xF7e2M7TSWlYrzyS3Bmw="},"lastRemoteEphemeralKey":"BdAAf092SWtrlA0ukFStPpXQ5qJoHzUWi3Wm0CkX/SBp","previousCounter":0,"rootKey":"qvTN3cNXM97jldXb5hr/blBeEtpw6LZ85mrsUwzTqGw="},"indexInfo":{"baseKey":"BSfQy5qQftZKkAZDbiZYCXL6w160k1N7pSGBcEu2P8YO","baseKeyType":1,"closed":-1,"used":1706443569938,"created":1706443569938,"remoteIdentityKey":"BUh6tXMbA9eR25xBOa7/n/nJoVD+HHxLQ/eZoFNuecZU"},"_chains":{"Bfu3bDCkfJaNAZqucSx6oVhz7vg/5FKShAmQMNPLyh5W":{"chainKey":{"counter":0,"key":"EAyB/sbpWPG4VLDT6+WEftmV81pIPW63oYiZAjSGrpM="},"chainType":1,"messageKeys":{}}},"pendingPreKey":{"signedKeyId":7,"baseKey":"BSfQy5qQftZKkAZDbiZYCXL6w160k1N7pSGBcEu2P8YO","preKeyId":9287806}}},"version":"v1"}