{"_sessions":{"BUWZD+D5MtWdm7stxjh9omUwRmYnzdE9tSpYO+5KHwx8":{"registrationId":208354905,"currentRatchet":{"ephemeralKeyPair":{"pubKey":"BeU7v2djcyQBOtomgWKO9IssIRXKR1Ic/I5olyo/iFda","privKey":"kEF+aHf2S3hLXKdd7eXBBwjFKQDUcoE75V004T+D5FM="},"lastRemoteEphemeralKey":"BV2uTQwIX27SJWIambEyINyz3DaB32n8U8ZCRsTPvC1t","previousCounter":0,"rootKey":"4kq9kiPWYLl959tTmJ1nm/IYYCNVekq2ypOOiOGjpxU="},"indexInfo":{"baseKey":"BUWZD+D5MtWdm7stxjh9omUwRmYnzdE9tSpYO+5KHwx8","baseKeyType":1,"closed":-1,"used":1706407675744,"created":1706407675744,"remoteIdentityKey":"BW1rVcdKkDKo5cnnSFeyjUvyMEHBEiBZgTw2A/KWNr4K"},"_chains":{"BeU7v2djcyQBOtomgWKO9IssIRXKR1Ic/I5olyo/iFda":{"chainKey":{"counter":31,"key":"vlaxABbaDUPbrEfYm943Ah73b+4kvtVavTiocH4awhk="},"chainType":1,"messageKeys":{}}},"pendingPreKey":{"signedKeyId":0,"baseKey":"BUWZD+D5MtWdm7stxjh9omUwRmYnzdE9tSpYO+5KHwx8","preKeyId":4844585}}},"version":"v1"}