{"_sessions":{"BZ7KZeD+fM/xvJ6GRzvrua/Xo1lJ3kgAG3OVW5KPii09":{"registrationId":1782522328,"currentRatchet":{"ephemeralKeyPair":{"pubKey":"Bcmz+HVqfV0YDxKj0h6rmYG2lbYDjsQmNWIOnVM6Z3lC","privKey":"OJ7lWMyHuH6qprOt1fKW37ovWVMhyCA5rw8GgkKR/Fc="},"lastRemoteEphemeralKey":"BccQOWFCrVWaDkjvtei5QNTBiNAp5BuocCOjIGwn6doK","previousCounter":0,"rootKey":"Bi9Izyg3/hKHoO2hSvWrv1Png9ZDllGinWFTPiowxDs="},"indexInfo":{"baseKey":"BZ7KZeD+fM/xvJ6GRzvrua/Xo1lJ3kgAG3OVW5KPii09","baseKeyType":1,"closed":-1,"used":1706443569898,"created":1706443569898,"remoteIdentityKey":"BedyMR8gSugunedg/SylVMPw6gDsZtNYHSdCELc6HtIt"},"_chains":{"Bcmz+HVqfV0YDxKj0h6rmYG2lbYDjsQmNWIOnVM6Z3lC":{"chainKey":{"counter":0,"key":"+D2jxTZFMEvCV8gFc2CtGAC2WJjzQhZNYm6i/A3TVE4="},"chainType":1,"messageKeys":{}}},"pendingPreKey":{"signedKeyId":9,"baseKey":"BZ7KZeD+fM/xvJ6GRzvrua/Xo1lJ3kgAG3OVW5KPii09","preKeyId":8364868}}},"version":"v1"}