{"_sessions":{"BRn/3aFHsyofvn1PATg8wZeppoudBrWtUXF4IUEVtMR9":{"registrationId":2119606832,"currentRatchet":{"ephemeralKeyPair":{"pubKey":"BZXKy1uPddAqSxyY8PwYNudC23bKPI4r2JRgsD7CjVlU","privKey":"yJY1JUDhiokJPMTDI2JA9nI20D00U1cqvdQqKxvp1lQ="},"lastRemoteEphemeralKey":"BZFMlglM8/HEoj4tYeQrfXXov37idjrmi1/G0Kah2OJH","previousCounter":0,"rootKey":"k1k6B9Szo/U1+isme2v/h/bCdqDlGHFH7NLctr+2Gr8="},"indexInfo":{"baseKey":"BRn/3aFHsyofvn1PATg8wZeppoudBrWtUXF4IUEVtMR9","baseKeyType":1,"closed":-1,"used":1706407675821,"created":1706407675821,"remoteIdentityKey":"BdSO2da0oxAo0BA4fRN7E/CjeJ9oOnfjOyAQeE5GmfUJ"},"_chains":{"BZXKy1uPddAqSxyY8PwYNudC23bKPI4r2JRgsD7CjVlU":{"chainKey":{"counter":31,"key":"wFOegcA2OftmzNsbhfGBIIPy+IZkwlnS1ef5MRrMFSw="},"chainType":1,"messageKeys":{}}},"pendingPreKey":{"signedKeyId":18,"baseKey":"BRn/3aFHsyofvn1PATg8wZeppoudBrWtUXF4IUEVtMR9","preKeyId":6082309}}},"version":"v1"}