{"_sessions":{"BTG/mzGW6PFNFxsJbpKdUJ1FC8GH4mwq83gCH4idzhRT":{"registrationId":1525183079,"currentRatchet":{"ephemeralKeyPair":{"pubKey":"BfHrPrCiD+XXa1PnDge7MSb6E3wepJLfSFivKU9izKNG","privKey":"8JQ7nQWo1DoSXS2Zp6uTedA/Df+JxvsYg1d4i7X8TG0="},"lastRemoteEphemeralKey":"BYd4dh9barAJJykQynCnvmRaJpDtndsVua83dCz5qt82","previousCounter":0,"rootKey":"MJb8cUrXFJtKxGPM4p7jmpE+z8xgks0FVPiQm+LUHec="},"indexInfo":{"baseKey":"BTG/mzGW6PFNFxsJbpKdUJ1FC8GH4mwq83gCH4idzhRT","baseKeyType":1,"closed":-1,"used":1706407675910,"created":1706407675910,"remoteIdentityKey":"Bd/vgtv1DW3Ce/Xeij0qD2wIzcm+r+bTIFjxo91N2/hM"},"_chains":{"BfHrPrCiD+XXa1PnDge7MSb6E3wepJLfSFivKU9izKNG":{"chainKey":{"counter":31,"key":"8ou0ZzCQ9DoK61T8pmEnIDfK7zain4HU/PB/vhLzc+E="},"chainType":1,"messageKeys":{}}},"pendingPreKey":{"signedKeyId":21,"baseKey":"BTG/mzGW6PFNFxsJbpKdUJ1FC8GH4mwq83gCH4idzhRT","preKeyId":101958}}},"version":"v1"}