{"_sessions":{"BTlY4EmZnR8SmI6kRHkgf5yWdh7NE6UrbXqLUx5mdwgz":{"registrationId":274390272,"currentRatchet":{"ephemeralKeyPair":{"pubKey":"BeC3OXXb/jO+zSX5inX0G2UUupW/MGWTHMowbjbw6nl/","privKey":"WK07Keo30aRqdyeQhiNiNIdmd87Gi9UzsPVvXnxWsHs="},"lastRemoteEphemeralKey":"Bc5mteM92W50Jw8aNZOFWgIrfBSGPrHDs7Yy9S8s3ew7","previousCounter":0,"rootKey":"BizkomZ1nBu4w3OfcF5jzwdQNjGdxeR1RwVfUyZvMGw="},"indexInfo":{"baseKey":"BTlY4EmZnR8SmI6kRHkgf5yWdh7NE6UrbXqLUx5mdwgz","baseKeyType":1,"closed":-1,"used":1706443569755,"created":1706443569755,"remoteIdentityKey":"BfdfuWt3snfAJ4ZSPNDMTTgUm08Er+vz+eVoV710xUQ1"},"_chains":{"BeC3OXXb/jO+zSX5inX0G2UUupW/MGWTHMowbjbw6nl/":{"chainKey":{"counter":0,"key":"sHsct3Zh5wDNjy+psfyJqMYsY6VHD8B3Wzrnd4r0Gfc="},"chainType":1,"messageKeys":{}}},"pendingPreKey":{"signedKeyId":3,"baseKey":"BTlY4EmZnR8SmI6kRHkgf5yWdh7NE6UrbXqLUx5mdwgz","preKeyId":8917291}}},"version":"v1"}