{"_sessions":{"BXUTF82FMHcWyDfQF9hCnzNnRHnMUkSATt4t1ADcl5Aq":{"registrationId":889080861,"currentRatchet":{"ephemeralKeyPair":{"pubKey":"BfNmHy0cjCVGOEb9YcBZZsCcLg1bYfTyGfih/p8jMNpw","privKey":"KDS912CmYcGX4ADGLHAG8b50WmtM6LJCrJJIZwLLiEw="},"lastRemoteEphemeralKey":"BXkzm4jdRDd8oqZze3P7SJquJs4R0d+s1IuGQkGA7tdA","previousCounter":0,"rootKey":"gyA2yBmYGQqc41hjnIn65qQ9wjetofBX5X61HVVfiQs="},"indexInfo":{"baseKey":"BXUTF82FMHcWyDfQF9hCnzNnRHnMUkSATt4t1ADcl5Aq","baseKeyType":1,"closed":-1,"used":1706407675835,"created":1706407675835,"remoteIdentityKey":"BQBwxNKdcXsOhemsBCOhwMYd9bQGfHT2m0xilfaQ+IVs"},"_chains":{"BfNmHy0cjCVGOEb9YcBZZsCcLg1bYfTyGfih/p8jMNpw":{"chainKey":{"counter":31,"key":"w1JmAT0yH9xGzsFJ5qnhpc3dgYdlXhOw855g42iG6EU="},"chainType":1,"messageKeys":{}}},"pendingPreKey":{"signedKeyId":26,"baseKey":"BXUTF82FMHcWyDfQF9hCnzNnRHnMUkSATt4t1ADcl5Aq","preKeyId":12377707}}},"version":"v1"}