{"_sessions":{"BTC+aOlojsQCieMxgDrIxbQH+8tZlUe9WATTQcz8AXFf":{"registrationId":612264992,"currentRatchet":{"ephemeralKeyPair":{"pubKey":"BRgW6Ppa6bIF0PTKznEvbQwUS3Z/Oyah18FcwOho5jZo","privKey":"0NevU3xBTht8MZHHIpKxeTrudIZfHjMSx47WtZvunVA="},"lastRemoteEphemeralKey":"Bd9ksQ/rZZIG+vsDk/Qy1gPkSZjdRtsmDfWJJ9kKdWVD","previousCounter":0,"rootKey":"JCC9Ugjp21o9HgVcUg/SZJiNAztQAosLD0UVxahKzdg="},"indexInfo":{"baseKey":"BTC+aOlojsQCieMxgDrIxbQH+8tZlUe9WATTQcz8AXFf","baseKeyType":1,"closed":-1,"used":1706443569799,"created":1706443569799,"remoteIdentityKey":"BW9lwG5/Y4vwOvPQF/Vs+loHEx4hrGg5tI89foEU8Twi"},"_chains":{"BRgW6Ppa6bIF0PTKznEvbQwUS3Z/Oyah18FcwOho5jZo":{"chainKey":{"counter":0,"key":"mdqXpjb2LP1aP5e26CEK9BsBbAwBp759zP5zzKDT/F4="},"chainType":1,"messageKeys":{}}},"pendingPreKey":{"signedKeyId":5,"baseKey":"BTC+aOlojsQCieMxgDrIxbQH+8tZlUe9WATTQcz8AXFf","preKeyId":7820469}}},"version":"v1"}