{"_sessions":{"BVJV9QQ92M5lreHEEEiEsIpIN++LhrK93XEZ9wZpsawS":{"registrationId":867753441,"currentRatchet":{"ephemeralKeyPair":{"pubKey":"BSSWfPfSPKkfTkIezei0H2VcM/VuWrgN6vcyQC5F/yF3","privKey":"0NrsA+m+THXQ3M0IVAc2wpvd3G7s+GeAOZ2h7XGt/G8="},"lastRemoteEphemeralKey":"BfRfv5xpPlcRmThV+DUdHTiBUvxeFdli054HI5JrA/gI","previousCounter":0,"rootKey":"6KnE7NpN3HW7y7kGkenoxYNyI6hb9HSJCfn+yG/P88w="},"indexInfo":{"baseKey":"BVJV9QQ92M5lreHEEEiEsIpIN++LhrK93XEZ9wZpsawS","baseKeyType":1,"closed":-1,"used":1706443569476,"created":1706443569476,"remoteIdentityKey":"BYRFBmds9lAyvnVyOoSzFSmrQWpTUT+YjqBMI9Hi7WIb"},"_chains":{"BSSWfPfSPKkfTkIezei0H2VcM/VuWrgN6vcyQC5F/yF3":{"chainKey":{"counter":0,"key":"YOHXIrmptCTNSaXHNtr2EDUzOd4fcOm3HqXa+B2XbKc="},"chainType":1,"messageKeys":{}}},"pendingPreKey":{"signedKeyId":11,"baseKey":"BVJV9QQ92M5lreHEEEiEsIpIN++LhrK93XEZ9wZpsawS"}}},"version":"v1"}