{"_sessions":{"BW4psfnVipps4ohOBzvmIlb43UjFai85/NDTBHp0Fu8c":{"registrationId":1097919291,"currentRatchet":{"ephemeralKeyPair":{"pubKey":"BUBjNt4Hx2SA8koU4Gh8eb5zJDc7qvdX2n86ch9K2Whm","privKey":"gNbixSWf0S/d84NEuZ/GRPFMZ958oPfT4i/HFJdZO0Q="},"lastRemoteEphemeralKey":"Bb6fljb2aOKUBT0jyx7nLXcZuoAVu3KYNCeEEb19pcNQ","previousCounter":0,"rootKey":"CSgq/8PYejvEBm1OWNbgX3fUsqQ/DXMFcsyVcxL6lY8="},"indexInfo":{"baseKey":"BW4psfnVipps4ohOBzvmIlb43UjFai85/NDTBHp0Fu8c","baseKeyType":1,"closed":-1,"used":1706443569821,"created":1706443569821,"remoteIdentityKey":"BQm5L64ploNk8fuW/ss5NXkYtsJO8c1T5cO+GWNvuJVl"},"_chains":{"BUBjNt4Hx2SA8koU4Gh8eb5zJDc7qvdX2n86ch9K2Whm":{"chainKey":{"counter":0,"key":"CIkwH3tWJym8OXDMWxGcB1B59bDpxloUhTmcEBxTa48="},"chainType":1,"messageKeys":{}}},"pendingPreKey":{"signedKeyId":10,"baseKey":"BW4psfnVipps4ohOBzvmIlb43UjFai85/NDTBHp0Fu8c","preKeyId":10157871}}},"version":"v1"}