{"_sessions":{"BdEGBTKWSeu79U60nxSgLcKznNsfHEmeeMy0lviJQwN7":{"registrationId":1708327091,"currentRatchet":{"ephemeralKeyPair":{"pubKey":"BXwWlvPnkI/FscBpQyvHhSEcRkSrK0Pxi7IwBewLE/Z/","privKey":"WLJMyqRfpAMZaQwzBC3cllT4CIBR2ux+FPS/ejkDqnw="},"lastRemoteEphemeralKey":"BQg/idZQfm3l2JcJ2EWkCAJ/oBws7gkYhyasbRsBifxR","previousCounter":0,"rootKey":"6pTA+U1yjwpIq6EYtwRsBikrxNqK3EUqwgRXyKmozjA="},"indexInfo":{"baseKey":"BdEGBTKWSeu79U60nxSgLcKznNsfHEmeeMy0lviJQwN7","baseKeyType":1,"closed":-1,"used":1706443569349,"created":1706443569349,"remoteIdentityKey":"BSgfXcBYtePwa2ZojcwRNEMUrfcy+gGE3h0hFeuq/dZ3"},"_chains":{"BXwWlvPnkI/FscBpQyvHhSEcRkSrK0Pxi7IwBewLE/Z/":{"chainKey":{"counter":0,"key":"3d4PxSu8p5+12nMpAAjMDXAxw5/y91uDy6C7D7TRWRs="},"chainType":1,"messageKeys":{}}},"pendingPreKey":{"signedKeyId":2,"baseKey":"BdEGBTKWSeu79U60nxSgLcKznNsfHEmeeMy0lviJQwN7","preKeyId":15243186}}},"version":"v1"}