{"_sessions":{"BU1q+d7Vuq0Ze5tsOI0Crnnu/zFj6hpkjXb0zFhNHZQU":{"registrationId":774176218,"currentRatchet":{"ephemeralKeyPair":{"pubKey":"BcjfQhBY7By6araK7aWcQpMRE5QR8DCJzvR+slqWI4NS","privKey":"MAL27LHHaeJTEFg7SLe1yMZ2goSYIpiXlPaEKO0GJGY="},"lastRemoteEphemeralKey":"BWgo4g952Eu8Xm/Ko/q/FYcXn7Pz31Sur/BZQ7KG2GM4","previousCounter":0,"rootKey":"gRLp64VXaW2MtZ8M4kUrIZajd5M9uUHR8zoXEE/O21s="},"indexInfo":{"baseKey":"BU1q+d7Vuq0Ze5tsOI0Crnnu/zFj6hpkjXb0zFhNHZQU","baseKeyType":1,"closed":-1,"used":1706407675794,"created":1706407675794,"remoteIdentityKey":"BT0vlFjO2F0g+SYTburbeRvnDFp8QodQTElZazlptWQe"},"_chains":{"BcjfQhBY7By6araK7aWcQpMRE5QR8DCJzvR+slqWI4NS":{"chainKey":{"counter":31,"key":"DvTPy5lFQu9mz9vaIibFKy2ymdIiUmEfM7d2x94/i4w="},"chainType":1,"messageKeys":{}}},"pendingPreKey":{"signedKeyId":11,"baseKey":"BU1q+d7Vuq0Ze5tsOI0Crnnu/zFj6hpkjXb0zFhNHZQU","preKeyId":12954523}}},"version":"v1"}