{"_sessions":{"Bfc7WAXj52NxKmv7QAjgnKD8fSYSIwznszBwXFI23fY+":{"registrationId":2053033931,"currentRatchet":{"ephemeralKeyPair":{"pubKey":"Bd5KFUAeKnb/V7h/XJHhaX6jAhmRHjHC6RTRwrgbAmcH","privKey":"CJYKwFbtbcu59W+duPBmrtsjIbCmBsdJZAa+ntnwuEQ="},"lastRemoteEphemeralKey":"BVLrJxK5vP52InGTwoVJPaihhwt8fZ4/OkKTVLarJ/An","previousCounter":0,"rootKey":"l+2Gl4W6pi6PqQVaoV2OB/zJiPfWXwOfuDmr8VP2lMM="},"indexInfo":{"baseKey":"Bfc7WAXj52NxKmv7QAjgnKD8fSYSIwznszBwXFI23fY+","baseKeyType":1,"closed":-1,"used":1706443569613,"created":1706443569613,"remoteIdentityKey":"BV4B4lvgdgtqBfjwwiFi0S1jegnQoB8nYYANMUd4WKRQ"},"_chains":{"Bd5KFUAeKnb/V7h/XJHhaX6jAhmRHjHC6RTRwrgbAmcH":{"chainKey":{"counter":0,"key":"WrCyZoP6x5wgaAnxDRIsVyPgLUbaIMIRNrNPY9fQS30="},"chainType":1,"messageKeys":{}}},"pendingPreKey":{"signedKeyId":0,"baseKey":"Bfc7WAXj52NxKmv7QAjgnKD8fSYSIwznszBwXFI23fY+","preKeyId":13162542}}},"version":"v1"}