{"_sessions":{"BY2TluxZAuYs2hFEQC+m2LgtZthyY6/raE3pw6iuZU9S":{"registrationId":433997387,"currentRatchet":{"ephemeralKeyPair":{"pubKey":"BSL60JIl0AUsTm08MYuxNGD5GxT1QklyWRxR/5DdB1VX","privKey":"uAY+NJ2ljzHF1M/RAkEUkjOibJdj+jsm6vwNlxwGm3E="},"lastRemoteEphemeralKey":"BfKxtxH7FOJmh4syltC5Q6SOa7U8/MVnYHBUj7a11Qgx","previousCounter":0,"rootKey":"AIdp+PkJy9U7DFY5gfz8USAAgUXe7WLT8IVELo6jhN0="},"indexInfo":{"baseKey":"BY2TluxZAuYs2hFEQC+m2LgtZthyY6/raE3pw6iuZU9S","baseKeyType":1,"closed":-1,"used":1706443569579,"created":1706443569579,"remoteIdentityKey":"BSniTC+euQ67mNHMtpQt2oUCuZlnozHue3BNEELfsKdL"},"_chains":{"BSL60JIl0AUsTm08MYuxNGD5GxT1QklyWRxR/5DdB1VX":{"chainKey":{"counter":0,"key":"khdoO7CnSArHiEB5o63X/OV6tlaP15HNpdFngHUE1PQ="},"chainType":1,"messageKeys":{}}},"pendingPreKey":{"signedKeyId":5,"baseKey":"BY2TluxZAuYs2hFEQC+m2LgtZthyY6/raE3pw6iuZU9S","preKeyId":6423325}}},"version":"v1"}