{"_sessions":{"BZIa3byixPk3upI3jjNWhqYGHcpFupxxekEbXXUUrR1k":{"registrationId":1494834999,"currentRatchet":{"ephemeralKeyPair":{"pubKey":"BTUHjOAnYJn2Y9cZAUdi1PQUH6WvVlPQFeEzaov4Wd8X","privKey":"eItJDl1PhsIdu3aMBaYsu1cvt41H0jsjnJuxC+RMynw="},"lastRemoteEphemeralKey":"BXkhW/v5CVbAr7+UvTTEqha4Qq/Xyfu5LVK3GkxvPGVh","previousCounter":0,"rootKey":"0Gb/y62cDNXTEnD+EnM/CmmxwpJyuPVTtTVmo9ufk00="},"indexInfo":{"baseKey":"BZIa3byixPk3upI3jjNWhqYGHcpFupxxekEbXXUUrR1k","baseKeyType":1,"closed":-1,"used":1706443569455,"created":1706443569455,"remoteIdentityKey":"BYPnUmvOZ3xfcQiNL069ADkiOlMZf9R0A+BxgZwxDyk/"},"_chains":{"BTUHjOAnYJn2Y9cZAUdi1PQUH6WvVlPQFeEzaov4Wd8X":{"chainKey":{"counter":0,"key":"OIrYLn9XmDVssDxlFdyu6o1k03ABsevU+DZ0VJyWJOs="},"chainType":1,"messageKeys":{}}},"pendingPreKey":{"signedKeyId":0,"baseKey":"BZIa3byixPk3upI3jjNWhqYGHcpFupxxekEbXXUUrR1k","preKeyId":7625306}}},"version":"v1"}