{"_sessions":{"BYxwGDeTzS5BQvKWhRTTvCofB7rRjHPR6tFODhhwwM5O":{"registrationId":700097599,"currentRatchet":{"ephemeralKeyPair":{"pubKey":"BdmR06Zq9wjWFjGJpIue/9ruJedNSn6nPpA89PjrYKRL","privKey":"WML+a1FB0Bc59Tu5ox8/Qwj54xjgvB019I6QYinNg28="},"lastRemoteEphemeralKey":"BZJV/QSvsu544Xc+DzgryunysLJKl1LU06ifP7BsDElI","previousCounter":0,"rootKey":"oihPAbu7JdRYVdi/DJWTSPyZwTGmToVYNPvKDmr3jBs="},"indexInfo":{"baseKey":"BYxwGDeTzS5BQvKWhRTTvCofB7rRjHPR6tFODhhwwM5O","baseKeyType":1,"closed":-1,"used":1706443569907,"created":1706443569907,"remoteIdentityKey":"BY40lv6V3KxmZBSgUb0xIEnC+SYnOVofZRExIS95i/1R"},"_chains":{"BdmR06Zq9wjWFjGJpIue/9ruJedNSn6nPpA89PjrYKRL":{"chainKey":{"counter":0,"key":"j2gnUjSoDgqtbyA9qH+u2yDY+F3faK/BgjA180v5VAo="},"chainType":1,"messageKeys":{}}},"pendingPreKey":{"signedKeyId":0,"baseKey":"BYxwGDeTzS5BQvKWhRTTvCofB7rRjHPR6tFODhhwwM5O","preKeyId":10313868}}},"version":"v1"}