{"_sessions":{"BZzqhx2dUsk5eErZnFcsRjyZRXPdJSJbrNsR5WTG2qAI":{"registrationId":1467287070,"currentRatchet":{"ephemeralKeyPair":{"pubKey":"BSEWNWNjRka2GL3H8WhSQHYEL9z3EJaH5JAHI0LYESMt","privKey":"wCgX1+PpQULlAwQSHY623LpOyOe1lBsL1ZiqpeNMEHI="},"lastRemoteEphemeralKey":"Bc/xfY90XBBOA0K6BUSrGbsiEBWjTJ1NJPCKX85q7Aou","previousCounter":1,"rootKey":"uJU/cDn93BtKi/T8kzuAu7QuR+nK8T6+Vxy8Zj4t8Cs="},"indexInfo":{"baseKey":"BZzqhx2dUsk5eErZnFcsRjyZRXPdJSJbrNsR5WTG2qAI","baseKeyType":1,"closed":-1,"used":1706434837714,"created":1706407675763,"remoteIdentityKey":"BbvIUenxMqJRveX9Kem1w+V9XG/DoUQ1d+va/Qs7eiop"},"_chains":{"BTlhla3RUV9ICqG3tYNoEdtm3d85qcY+APJnKt+8xVIi":{"chainKey":{"counter":0},"chainType":2,"messageKeys":{}},"Bc/xfY90XBBOA0K6BUSrGbsiEBWjTJ1NJPCKX85q7Aou":{"chainKey":{"counter":0,"key":"qTPiigQZbICFfT2tMhr6oY1YYXLj3g+NeITI0/MsSxg="},"chainType":2,"messageKeys":{}},"BSEWNWNjRka2GL3H8WhSQHYEL9z3EJaH5JAHI0LYESMt":{"chainKey":{"counter":13,"key":"33g0RryiH5hOuJ/2d7OxfMS3QhQhMcSTeXvn814tBAg="},"chainType":1,"messageKeys":{}}}}},"version":"v1"}