{"_sessions":{"BfNANmJJGO1UY6/X2ZDx+NP3eKCH1hWhybfyrhRwdGti":{"registrationId":648230794,"currentRatchet":{"ephemeralKeyPair":{"pubKey":"BYhGwuiKrbXgh+89G8ETRiNxOKZkwNGcbj6l5yZsevtN","privKey":"2BxaeaRKIotQthz+bcviz/2/u+outOgr8Wc2tBxVh2E="},"lastRemoteEphemeralKey":"BZ+eFKfi9caN6hNgjxOry91N86DSFewjrs/2EuhyuVcM","previousCounter":0,"rootKey":"mJaH1nwscf76BhLM55Uj3MGZph38FfJ2fqla8VVap84="},"indexInfo":{"baseKey":"BfNANmJJGO1UY6/X2ZDx+NP3eKCH1hWhybfyrhRwdGti","baseKeyType":1,"closed":-1,"used":1706407675868,"created":1706407675868,"remoteIdentityKey":"BZma5xyDuq1ggTztGjd5j7EphxRA0fd12PFBQqLYiO9o"},"_chains":{"BYhGwuiKrbXgh+89G8ETRiNxOKZkwNGcbj6l5yZsevtN":{"chainKey":{"counter":31,"key":"N2y+PuQ+ytZRUP0YSECKDyMmbsPyzv2qPt7A/7iM8EA="},"chainType":1,"messageKeys":{}}},"pendingPreKey":{"signedKeyId":1,"baseKey":"BfNANmJJGO1UY6/X2ZDx+NP3eKCH1hWhybfyrhRwdGti","preKeyId":11275456}}},"version":"v1"}