{"_sessions":{"BdR2onFhjcNrsbLQrzI2IrIln1H8PGZHjRSSfRpATREp":{"registrationId":725851694,"currentRatchet":{"ephemeralKeyPair":{"pubKey":"BVXZ+94ct5p+jgaggSNliSCWfgZOZoi8ztgasyE+poJx","privKey":"2IbD85GGl3RfCYPsYQP7xFsMkclCkhFmsfiov+jPXGA="},"lastRemoteEphemeralKey":"BUara7892qoiQUVve5iYgLtqduPRbI7rRd+XziW6kdp6","previousCounter":15,"rootKey":"KV8VTDysZKXMucujAquT9YDY2GteM6XZElT1S6f0sZ0="},"indexInfo":{"baseKey":"BdR2onFhjcNrsbLQrzI2IrIln1H8PGZHjRSSfRpATREp","baseKeyType":1,"closed":-1,"used":1706419462491,"created":1706407675884,"remoteIdentityKey":"BWJovjHE+2JB9ETOOWQ7KxRl/uidE9eruCHA4qxTWBEa"},"_chains":{"BUara7892qoiQUVve5iYgLtqduPRbI7rRd+XziW6kdp6":{"chainKey":{"counter":0,"key":"vPEjTj7OCwfnsYaFX1LCBS6YLv2h8UrD7CtIpDpvVx8="},"chainType":2,"messageKeys":{}},"BVXZ+94ct5p+jgaggSNliSCWfgZOZoi8ztgasyE+poJx":{"chainKey":{"counter":15,"key":"K8KGexHGja3IzZx4Y71TZR/bxC/lf98Sl1oEqrWvGR4="},"chainType":1,"messageKeys":{}}}}},"version":"v1"}