{"_sessions":{"BVpke+aaw7HJCQs81vBNok5S7K7BgwCVQyGRHYUENgl2":{"registrationId":894389070,"currentRatchet":{"ephemeralKeyPair":{"pubKey":"Ba3OWncM4PjsOYiZHEIHT3/8ALQnCQplg+2URCsj8A4S","privKey":"AEGQNzhgDtHeQtvS23Dwnfm4uCB8rVeb0Pwsp17Rok4="},"lastRemoteEphemeralKey":"BXu/duXI6NTL9PO9JrC/oepPNq+xwReVHptVC8ppKcFV","previousCounter":0,"rootKey":"orrRa/9rSNjcmKtLjFsK9tk7NvW4n4NF3m2d+8mq2xU="},"indexInfo":{"baseKey":"BVpke+aaw7HJCQs81vBNok5S7K7BgwCVQyGRHYUENgl2","baseKeyType":1,"closed":-1,"used":1706443569409,"created":1706443569409,"remoteIdentityKey":"BV8fwsqVzEBeGhC31Ony8PFT2fKuSE64nr/BEB9Idy9C"},"_chains":{"Ba3OWncM4PjsOYiZHEIHT3/8ALQnCQplg+2URCsj8A4S":{"chainKey":{"counter":0,"key":"ex5GRIaYqZ1Yzbulo9T7SfCtDArvAELJ4MmKahBa3F0="},"chainType":1,"messageKeys":{}}},"pendingPreKey":{"signedKeyId":2,"baseKey":"BVpke+aaw7HJCQs81vBNok5S7K7BgwCVQyGRHYUENgl2","preKeyId":11518112}}},"version":"v1"}