{"_sessions":{"BYejen9e9ZotNi6sEuYQCw6K9I2V9/snZ+Q2r7RvX1Mf":{"registrationId":1230507218,"currentRatchet":{"ephemeralKeyPair":{"pubKey":"BeNgMIrcx1lpgegco1YQPW3vR6jyfD3JV7IgK7zDxg0m","privKey":"KOQeuLRk0JEsLX0EUCHTkXtqcZDQ9g/HB7HJEHLmi28="},"lastRemoteEphemeralKey":"BV30f9y7Xv7LhNAMkcj6ztmFrNPsiXZX13YFZfPA4BkP","previousCounter":0,"rootKey":"Ag2TDONi/UUiuu447JcduHzBof7J41+nSnAZeqI0xDg="},"indexInfo":{"baseKey":"BYejen9e9ZotNi6sEuYQCw6K9I2V9/snZ+Q2r7RvX1Mf","baseKeyType":1,"closed":-1,"used":1706443569634,"created":1706443569634,"remoteIdentityKey":"Bf1BeQqcPK981uXqEIwwwCbvqEwdqaInozcqMqsipF9p"},"_chains":{"BeNgMIrcx1lpgegco1YQPW3vR6jyfD3JV7IgK7zDxg0m":{"chainKey":{"counter":0,"key":"G1fLK4hdaVmPNwNZICufrKly7pEMfFzbfrkubnkDjko="},"chainType":1,"messageKeys":{}}},"pendingPreKey":{"signedKeyId":3,"baseKey":"BYejen9e9ZotNi6sEuYQCw6K9I2V9/snZ+Q2r7RvX1Mf","preKeyId":4730633}}},"version":"v1"}