{"_sessions":{"BUgydn6HPEYSSTDKfSAhYjw5TKzWWFjZmsqYTg5Y54Q9":{"registrationId":1388811333,"currentRatchet":{"ephemeralKeyPair":{"pubKey":"BZqFkZiftCE4vlnfL06JyVNIsq1EZIx3cQu+DiabsjZ2","privKey":"+HaxhpZxPWpVcaPZgaamo46wVWNMiWoHu8/ltd3CglI="},"lastRemoteEphemeralKey":"BdO5r9nuf8c6fFKc9kQxDYzzGF9lpTzTa8BuAj0rEAUj","previousCounter":0,"rootKey":"/G9D992JjgYTw9WOZU6Y/WM1dYPab4CgyvMA+uU71Ig="},"indexInfo":{"baseKey":"BUgydn6HPEYSSTDKfSAhYjw5TKzWWFjZmsqYTg5Y54Q9","baseKeyType":1,"closed":-1,"used":1706443569836,"created":1706443569836,"remoteIdentityKey":"BY5xEjwbuYGKUPpL9QO/kyJ73RD4cRrpm5higmWazPgk"},"_chains":{"BZqFkZiftCE4vlnfL06JyVNIsq1EZIx3cQu+DiabsjZ2":{"chainKey":{"counter":0,"key":"nazizYWtqPAYhBkvwaR2Xj/usZbkJrHqRCyfDFzHE18="},"chainType":1,"messageKeys":{}}},"pendingPreKey":{"signedKeyId":2,"baseKey":"BUgydn6HPEYSSTDKfSAhYjw5TKzWWFjZmsqYTg5Y54Q9","preKeyId":10358822}}},"version":"v1"}