{"_sessions":{"BR3LDvNnhUCI6t+q6R6qRlhXHyMkCHLe3tBxqpd3jk0X":{"registrationId":341435306,"currentRatchet":{"ephemeralKeyPair":{"pubKey":"BVz2g7RbKSQFrlEPShKkRhT3m8gasYIbRQ3ILEEheTw4","privKey":"YEuNso4aO7gnc5PBdxEqFIRS/KGFzEpStSPqY1D0rlc="},"lastRemoteEphemeralKey":"BYsKR/SdEvVzQsB/LCZthW0tOCXCAJ6UWp/g1MQ6ZFRn","previousCounter":0,"rootKey":"4F60ysx77vFtFJoMzR/JPqivkPvgZbFbcLAnayArZwo="},"indexInfo":{"baseKey":"BR3LDvNnhUCI6t+q6R6qRlhXHyMkCHLe3tBxqpd3jk0X","baseKeyType":1,"closed":-1,"used":1706443569323,"created":1706443569323,"remoteIdentityKey":"BUEqQB+wGlx85fskWIYFTce3qubmA3djfGQjLErmBkVQ"},"_chains":{"BVz2g7RbKSQFrlEPShKkRhT3m8gasYIbRQ3ILEEheTw4":{"chainKey":{"counter":0,"key":"v9CY8DuYNTKSBVO4HIT/zLjamrE32/JLHbk3fSrYH2Y="},"chainType":1,"messageKeys":{}}},"pendingPreKey":{"signedKeyId":6,"baseKey":"BR3LDvNnhUCI6t+q6R6qRlhXHyMkCHLe3tBxqpd3jk0X"}}},"version":"v1"}