{"_sessions":{"Bc9kd90HlRDna79eoCj8tLJ7e0o8gleFdilzKACglPMy":{"registrationId":271027848,"currentRatchet":{"ephemeralKeyPair":{"pubKey":"Bbu1heIkGnQdKPWA6sc6IqRDIn2kMpz+LwM6TWftghZn","privKey":"MJt4zFU8gRFzkYqqOwMEreBZhKR7UubT5b8b2fK9rWA="},"lastRemoteEphemeralKey":"BWWgTm/xZORzUfunjGNngYrs6MyaineDBnUsrFcIfUYC","previousCounter":0,"rootKey":"8RidRP8wrf7jxdPFBecS8OvW0QKbsr8K0Tv9B/BvhyA="},"indexInfo":{"baseKey":"Bc9kd90HlRDna79eoCj8tLJ7e0o8gleFdilzKACglPMy","baseKeyType":1,"closed":-1,"used":1706407675912,"created":1706407675912,"remoteIdentityKey":"Bf4OmuY5cdr1hQbUnKuI8Nht382DiSdH5mIiaQy//ts5"},"_chains":{"Bbu1heIkGnQdKPWA6sc6IqRDIn2kMpz+LwM6TWftghZn":{"chainKey":{"counter":31,"key":"M+1Wx26k7WZf97slIIm/yC4KL827+b6YdtOG44tfC+Y="},"chainType":1,"messageKeys":{}}},"pendingPreKey":{"signedKeyId":13463,"baseKey":"Bc9kd90HlRDna79eoCj8tLJ7e0o8gleFdilzKACglPMy","preKeyId":7433343}}},"version":"v1"}