{"_sessions":{"BRbzV428ef8Y1i+EAP7YLOqMVLnCNK6nGIuftrVY4H5M":{"registrationId":784084172,"currentRatchet":{"ephemeralKeyPair":{"pubKey":"BWKba7q3aw+nOvV54k2SPTK3/5RLpqHAuRsNd0spgf9U","privKey":"6Ec5/0sRSIpNbo+YMfjGgBeTAXBYI297BusWXKq7cnA="},"lastRemoteEphemeralKey":"BTaai+cDdY9n1s+GxVkcAY6FBJccQd4yvwddUg0mW/lO","previousCounter":0,"rootKey":"s6CkdEvlu98xuwxYSAX6Yz4UvGahkNZC7P++1dOtvDU="},"indexInfo":{"baseKey":"BRbzV428ef8Y1i+EAP7YLOqMVLnCNK6nGIuftrVY4H5M","baseKeyType":1,"closed":-1,"used":1706443569872,"created":1706443569872,"remoteIdentityKey":"BdQ5Po++5IIKQyTIXRH48O43Ql/FW83jkDR+m5QjT/sW"},"_chains":{"BWKba7q3aw+nOvV54k2SPTK3/5RLpqHAuRsNd0spgf9U":{"chainKey":{"counter":0,"key":"81jWp9w+M0opd4hYy7hDROjG4N/lEwGzvOt7TfSZieE="},"chainType":1,"messageKeys":{}}},"pendingPreKey":{"signedKeyId":36,"baseKey":"BRbzV428ef8Y1i+EAP7YLOqMVLnCNK6nGIuftrVY4H5M","preKeyId":3355202}}},"version":"v1"}