{"_sessions":{"BSjHTiBFHuR3X1mfFr3LMphGT6lXYVsj4J0WNaVXpHRV":{"registrationId":11637,"currentRatchet":{"ephemeralKeyPair":{"pubKey":"BYZdhj4jOmj9P/G0LCA+5cuTbyi0CPyH+ux3dp/fP3Iy","privKey":"YMLSbYhLtbxULdwmy0SkUieQws2qf01zes5SjSQmJ0E="},"lastRemoteEphemeralKey":"BdkgEVPnVLvW75/TjS9H/scVukpopUkq9LSktZvXOgtR","previousCounter":0,"rootKey":"dFFpRiVeX52Vg8AUX7GU40Tkb93el01KOTQIX1FFGsg="},"indexInfo":{"baseKey":"BSjHTiBFHuR3X1mfFr3LMphGT6lXYVsj4J0WNaVXpHRV","baseKeyType":1,"closed":-1,"used":1706443569276,"created":1706443569276,"remoteIdentityKey":"BUYULwweCw1AqMLbDYQf/K2PfXAouF7iQwlZXWP+piwo"},"_chains":{"BYZdhj4jOmj9P/G0LCA+5cuTbyi0CPyH+ux3dp/fP3Iy":{"chainKey":{"counter":0,"key":"7cayw9JvJyhy2pmjiJn7LTxLxW4Lom8yHVhn05gSNb8="},"chainType":1,"messageKeys":{}}},"pendingPreKey":{"signedKeyId":1,"baseKey":"BSjHTiBFHuR3X1mfFr3LMphGT6lXYVsj4J0WNaVXpHRV"}}},"version":"v1"}