{"_sessions":{"BdBzjKNvy5UODcTJnIHRigdSsU2vVUYn4rQR0mo1PIxJ":{"registrationId":307431245,"currentRatchet":{"ephemeralKeyPair":{"pubKey":"Ba+h49Gs8uNEjAVOQ5uST273/nOvd5/Y9ux/aOiraM1r","privKey":"6AAngSsSxQB2YVZnbug7RToXPlHliNqp8cx5Tubxwk8="},"lastRemoteEphemeralKey":"BdQEA3UWaoYnlZGdv29sxdg5VA+MgAROSXtqyuOBFkQr","previousCounter":0,"rootKey":"/c1z8/ZFflOfzqCUMgW/L+5kFXmk2s48frfvbVnUb1E="},"indexInfo":{"baseKey":"BdBzjKNvy5UODcTJnIHRigdSsU2vVUYn4rQR0mo1PIxJ","baseKeyType":1,"closed":-1,"used":1706443569820,"created":1706443569820,"remoteIdentityKey":"BWsFBYaSRw/kZQ6NV1abkeD9Vzoh407HptGlrJpBsYhM"},"_chains":{"Ba+h49Gs8uNEjAVOQ5uST273/nOvd5/Y9ux/aOiraM1r":{"chainKey":{"counter":0,"key":"Skt3CrcQGj1dNrnY7QkDwIw8vQv1u3huJG5O3V1p/ww="},"chainType":1,"messageKeys":{}}},"pendingPreKey":{"signedKeyId":1,"baseKey":"BdBzjKNvy5UODcTJnIHRigdSsU2vVUYn4rQR0mo1PIxJ","preKeyId":6458779}}},"version":"v1"}