{"_sessions":{"BcbQXlsDTEX0JZe0c8S6zf1jnzkhqZowZCTfkb92Wfh7":{"registrationId":1672406143,"currentRatchet":{"ephemeralKeyPair":{"pubKey":"BWdduDRZBCwRuSuv4zZILM6igndziRtrbJqKmQsYqbEV","privKey":"IMZQlIt6KVBDlZqkexQzfu9mHYMlG5MwZbWzpu3ujnE="},"lastRemoteEphemeralKey":"BQgFbDsJkxYORyiNgQebypaaKub62dMw4b7Wy4G6xf5g","previousCounter":0,"rootKey":"aN44OHJZBDi8VXh2gN5ah/z4tZHvqvj0CQTEOPQF84A="},"indexInfo":{"baseKey":"BcbQXlsDTEX0JZe0c8S6zf1jnzkhqZowZCTfkb92Wfh7","baseKeyType":1,"closed":-1,"used":1706443569753,"created":1706443569753,"remoteIdentityKey":"BWr90RpSLyjUQb/fQQeIM3e5gYOUSED/BlAPSZeLFFUF"},"_chains":{"BWdduDRZBCwRuSuv4zZILM6igndziRtrbJqKmQsYqbEV":{"chainKey":{"counter":0,"key":"HyNaBXIxogAk6Ze/VzO9BrbTP/t/nxF0xK/hpWLEw68="},"chainType":1,"messageKeys":{}}},"pendingPreKey":{"signedKeyId":22,"baseKey":"BcbQXlsDTEX0JZe0c8S6zf1jnzkhqZowZCTfkb92Wfh7","preKeyId":7754217}}},"version":"v1"}