{"_sessions":{"BWzHBdSsqbFH0RFBwQVjY53bL9OU5OY9DlCqHjJSjoob":{"registrationId":1506144528,"currentRatchet":{"ephemeralKeyPair":{"pubKey":"BaEW3Kf1kD5YtNp4jFF/F0edamNNZpr3jkI9GtQSwr8M","privKey":"iIcqM/35OP/rko+wCiLbZCtwKcMbb8HGZWD6DF7wwX8="},"lastRemoteEphemeralKey":"BexDNGooci3ix4R8qqIFBXv0qMa4VL7ftBytdtGLh4dU","previousCounter":0,"rootKey":"GSiHHApNPGhMyisKMh54mXLqy8e/TQs7N3+W+hHsZZo="},"indexInfo":{"baseKey":"BWzHBdSsqbFH0RFBwQVjY53bL9OU5OY9DlCqHjJSjoob","baseKeyType":1,"closed":-1,"used":1706443569523,"created":1706443569523,"remoteIdentityKey":"Ba8akrMLd+0JdZy4jzZMfpIyOgyXk6SPQNcCoVDPT5BY"},"_chains":{"BaEW3Kf1kD5YtNp4jFF/F0edamNNZpr3jkI9GtQSwr8M":{"chainKey":{"counter":0,"key":"b9r620+cW8/+JcZ8yo4XD6k7CB1VZlR9CdFgY12ote4="},"chainType":1,"messageKeys":{}}},"pendingPreKey":{"signedKeyId":3,"baseKey":"BWzHBdSsqbFH0RFBwQVjY53bL9OU5OY9DlCqHjJSjoob"}}},"version":"v1"}