{"_sessions":{"BbReVJBFIf+n1AT0zsyD3Mm7E9/IyZD48+Id+NIkPl49":{"registrationId":74,"currentRatchet":{"ephemeralKeyPair":{"pubKey":"BUur1qPE21dsdfBRA9Em1av0tTpmuROl/QNru22AX7wv","privKey":"2OsCa7jWiYiMa14VAMu4qKG91SEKMsjMEwLp8DkpUmw="},"lastRemoteEphemeralKey":"Bama621oWIfZGyZALYb25dMkf108ESIwXYX0To6KtBw1","previousCounter":0,"rootKey":"Ck1OKS5zto+4q3oxLEAxu0+OPpxZKQaMmJYFstPnbg0="},"indexInfo":{"baseKey":"BbReVJBFIf+n1AT0zsyD3Mm7E9/IyZD48+Id+NIkPl49","baseKeyType":1,"closed":1706439844123,"used":1706439844117,"created":1706439844117,"remoteIdentityKey":"BbNL3tjJUIF3+dLrUr0lcOADap1JNhKOkUyMR+l8ogUH"},"_chains":{"BUur1qPE21dsdfBRA9Em1av0tTpmuROl/QNru22AX7wv":{"chainKey":{"counter":-1,"key":"ewOYa/lVduYaSvY02WR8tcrr7hYP2AN72vC+aH/KxI0="},"chainType":1,"messageKeys":{}}},"pendingPreKey":{"signedKeyId":1,"baseKey":"BbReVJBFIf+n1AT0zsyD3Mm7E9/IyZD48+Id+NIkPl49","preKeyId":36}},"BenStTd18GAqKDkRgRPFVLieVFjEXAlsK6TT41Sx7lpf":{"registrationId":74,"currentRatchet":{"ephemeralKeyPair":{"pubKey":"BXkch7UgOX5/28VlNCy7lAmr0lGkZiD3cAgKpUqmPZNT","privKey":"2LPdduqxOucrRw5JHff9cox3iVV/7LgOI/IBIgZhZ1U="},"lastRemoteEphemeralKey":"BYI2wlkz5iavIiPj4DRwXdKsLE5LbsiNEu5klIHlHdg+","previousCounter":0,"rootKey":"QrBFY76LlaZ1ijPzyN/WZEwroktgVucJId8ukBTk7Rg="},"indexInfo":{"baseKey":"BenStTd18GAqKDkRgRPFVLieVFjEXAlsK6TT41Sx7lpf","baseKeyType":2,"closed":1706440057148,"used":1706439844124,"created":1706439844124,"remoteIdentityKey":"BbNL3tjJUIF3+dLrUr0lcOADap1JNhKOkUyMR+l8ogUH"},"_chains":{"BYI2wlkz5iavIiPj4DRwXdKsLE5LbsiNEu5klIHlHdg+":{"chainKey":{"counter":0,"key":"kdLFl1/gVLh20JkTKd14/WMICVgO79RHfhy7q2W1g+0="},"chainType":2,"messageKeys":{}},"BXkch7UgOX5/28VlNCy7lAmr0lGkZiD3cAgKpUqmPZNT":{"chainKey":{"counter":1,"key":"qkSY4jGmQeUyGnJgvlOCSypyMaef4nU98dKvo7bZnns="},"chainType":1,"messageKeys":{}}}},"BXyM/TRWeLMpdpm+fFBHIXlaq4r63QVFLZT0GQdKGdQP":{"registrationId":74,"currentRatchet":{"ephemeralKeyPair":{"pubKey":"BYmiwmdqLIchCY50HN65+bniBM1gLiH5aREfxGFsLlly","privKey":"uKFfOELzXFflNqXZLtKL1j8dc93PD/BeIrkt01MtI3E="},"lastRemoteEphemeralKey":"BVK871F4FeycN44rSpPc0U1RgUczHUdnj4lMQedJrc5I","previousCounter":0,"rootKey":"igtH1ZRCNVQe1BM1QN62jj6ohN3lRuGRYjjeMGwWK04="},"indexInfo":{"baseKey":"BXyM/TRWeLMpdpm+fFBHIXlaq4r63QVFLZT0GQdKGdQP","baseKeyType":2,"closed":1706440766141,"used":1706440057149,"created":1706440057149,"remoteIdentityKey":"BbNL3tjJUIF3+dLrUr0lcOADap1JNhKOkUyMR+l8ogUH"},"_chains":{"BVK871F4FeycN44rSpPc0U1RgUczHUdnj4lMQedJrc5I":{"chainKey":{"counter":0,"key":"Vm7rJ9jSs1zAwbj7SGsSRYC5nUmgM1MDenO1AisgRa4="},"chainType":2,"messageKeys":{}},"BYmiwmdqLIchCY50HN65+bniBM1gLiH5aREfxGFsLlly":{"chainKey":{"counter":-1,"key":"eF3XQ8SEDpYH0kmhaYKzztqa4Fvl6nuxDwvUBkVXIgs="},"chainType":1,"messageKeys":{}}}},"Bc0zDjB3ZVocK4zCE6doCUgl2wdz6BbPcKDvJmHgETMZ":{"registrationId":74,"currentRatchet":{"ephemeralKeyPair":{"pubKey":"Bdoj4pVAn3hSlEJJqUSNz9IvFipCD80kpdwdiIJl68tX","privKey":"4Pe01+jOQj65KhJtrrIlMgRN4zVU+hR/hS34Lft1Dkk="},"lastRemoteEphemeralKey":"Bama621oWIfZGyZALYb25dMkf108ESIwXYX0To6KtBw1","previousCounter":0,"rootKey":"I0fX04VYVEj2nSEEoQANCW2S6CQBFbK9Ezc8VtsvXJo="},"indexInfo":{"baseKey":"Bc0zDjB3ZVocK4zCE6doCUgl2wdz6BbPcKDvJmHgETMZ","baseKeyType":1,"closed":1706440766373,"used":1706440766132,"created":1706440766132,"remoteIdentityKey":"BbNL3tjJUIF3+dLrUr0lcOADap1JNhKOkUyMR+l8ogUH"},"_chains":{"Bdoj4pVAn3hSlEJJqUSNz9IvFipCD80kpdwdiIJl68tX":{"chainKey":{"counter":-1,"key":"5IA8jCM40Q1ollNaWBOuOHjpKKP27TU8AANr+UunPHA="},"chainType":1,"messageKeys":{}}},"pendingPreKey":{"signedKeyId":1,"baseKey":"Bc0zDjB3ZVocK4zCE6doCUgl2wdz6BbPcKDvJmHgETMZ"}},"Bas8eLXk+IC/KDQKS2bdsEGfLn130H1wgzSCSPt8BANY":{"registrationId":74,"currentRatchet":{"ephemeralKeyPair":{"pubKey":"BQqqVuq1qfAAwamIy/QjRYu/ev5OzCr9jwZcPQ1Jk28Y","privKey":"gOyf9lgK7m0/ZLE3ffiax9VRAJAboS7Ik706pDUs+Vs="},"lastRemoteEphemeralKey":"BUP1UxwHclBisC793smnRk1tr+qxla0q1c+Z1YG9xiNE","previousCounter":2,"rootKey":"KTDhsI7sxj6U4rkZdVvlVgNf1a7S6CRJT2bPVV/PueQ="},"indexInfo":{"baseKey":"Bas8eLXk+IC/KDQKS2bdsEGfLn130H1wgzSCSPt8BANY","baseKeyType":1,"closed":1706443725037,"used":1706443150245,"created":1706440766372,"remoteIdentityKey":"BbNL3tjJUIF3+dLrUr0lcOADap1JNhKOkUyMR+l8ogUH"},"_chains":{"BUP1UxwHclBisC793smnRk1tr+qxla0q1c+Z1YG9xiNE":{"chainKey":{"counter":0,"key":"xprZhFm2xoJOGJy2pFEVuFSRTFOqY8jhFULs9812zFY="},"chainType":2,"messageKeys":{}},"BQqqVuq1qfAAwamIy/QjRYu/ev5OzCr9jwZcPQ1Jk28Y":{"chainKey":{"counter":-1,"key":"HTAlqkOcaekHltSw+veIARUiGNZaQdvigH+M9XvvJ9M="},"chainType":1,"messageKeys":{}}}},"Ba/Wm6k8Ecui8dhRedP0cPOsKBdhhERcm2rHDMt2LsI2":{"registrationId":74,"currentRatchet":{"ephemeralKeyPair":{"pubKey":"Bc/gr4jCFH1zrRV5ttUVZGRhYzORnNdyHi9aOcr9KZl5","privKey":"IM+NIeZH6W86KDy7fUQ3YykBe+p3M0OVOr6qJBPNPmo="},"lastRemoteEphemeralKey":"Bama621oWIfZGyZALYb25dMkf108ESIwXYX0To6KtBw1","previousCounter":0,"rootKey":"trUyrK47KCrUpmFlKL2kEHkckmRFwHvbTwsd7/0uZIQ="},"indexInfo":{"baseKey":"Ba/Wm6k8Ecui8dhRedP0cPOsKBdhhERcm2rHDMt2LsI2","baseKeyType":1,"closed":1706443725546,"used":1706443725026,"created":1706443725026,"remoteIdentityKey":"BbNL3tjJUIF3+dLrUr0lcOADap1JNhKOkUyMR+l8ogUH"},"_chains":{"Bc/gr4jCFH1zrRV5ttUVZGRhYzORnNdyHi9aOcr9KZl5":{"chainKey":{"counter":-1,"key":"EmT3ajWd5oL0WK0n11tYCKWo2cr7vM/+xg2h5HPXVtc="},"chainType":1,"messageKeys":{}}},"pendingPreKey":{"signedKeyId":1,"baseKey":"Ba/Wm6k8Ecui8dhRedP0cPOsKBdhhERcm2rHDMt2LsI2","preKeyId":78}},"BdacyR/dOFUBa6NskKmggpShYJzl3MOTlMrS0mHshi93":{"registrationId":74,"currentRatchet":{"ephemeralKeyPair":{"pubKey":"BW4Rw9rlDJs5JDnjd+9MpWv0iBm+cfOaHiE3NvnNwa4v","privKey":"gLh7Tr6l+XAi44DYw+V6PedXYjIkuhsg+g8tNGGL3Es="},"lastRemoteEphemeralKey":"Bama621oWIfZGyZALYb25dMkf108ESIwXYX0To6KtBw1","previousCounter":0,"rootKey":"VEY50GUWGrj++7gM2fQTLGKN57Hp5MVOTbV0elGx7aA="},"indexInfo":{"baseKey":"BdacyR/dOFUBa6NskKmggpShYJzl3MOTlMrS0mHshi93","baseKeyType":1,"closed":1706443725870,"used":1706443725546,"created":1706443725546,"remoteIdentityKey":"BbNL3tjJUIF3+dLrUr0lcOADap1JNhKOkUyMR+l8ogUH"},"_chains":{"BW4Rw9rlDJs5JDnjd+9MpWv0iBm+cfOaHiE3NvnNwa4v":{"chainKey":{"counter":-1,"key":"PPuEUJKNruNMIeuR/6D7LqP+C4IMAh/tnTSwv2d/sYI="},"chainType":1,"messageKeys":{}}},"pendingPreKey":{"signedKeyId":1,"baseKey":"BdacyR/dOFUBa6NskKmggpShYJzl3MOTlMrS0mHshi93","preKeyId":81}},"BWpU3Ec+Mj3+DBCb7QJ8Y5RkVrmdbYTjP6wCtZV0iele":{"registrationId":74,"currentRatchet":{"ephemeralKeyPair":{"pubKey":"Bel1ngzT3w7DljJu8D6/2QCLOgYr6t70rPCAlVJMJagD","privKey":"iGGnsMqRkCrusu98rcwb5zLUBN8G64y9hlIJuhMy0H4="},"lastRemoteEphemeralKey":"Bama621oWIfZGyZALYb25dMkf108ESIwXYX0To6KtBw1","previousCounter":0,"rootKey":"d42DqxADtHjXyehStdfadLL8mRySfSYvd0A8SITxpHk="},"indexInfo":{"baseKey":"BWpU3Ec+Mj3+DBCb7QJ8Y5RkVrmdbYTjP6wCtZV0iele","baseKeyType":1,"closed":1706443726141,"used":1706443725870,"created":1706443725870,"remoteIdentityKey":"BbNL3tjJUIF3+dLrUr0lcOADap1JNhKOkUyMR+l8ogUH"},"_chains":{"Bel1ngzT3w7DljJu8D6/2QCLOgYr6t70rPCAlVJMJagD":{"chainKey":{"counter":-1,"key":"a9oYBSTZ+1daE4XzJK0mdHFZOibRhuFkNQUKlptlQl8="},"chainType":1,"messageKeys":{}}},"pendingPreKey":{"signedKeyId":1,"baseKey":"BWpU3Ec+Mj3+DBCb7QJ8Y5RkVrmdbYTjP6wCtZV0iele","preKeyId":87}},"BUfzZaSYWFsSI7/7jGDnV75/68K8kJXha7DcYJPuT2sr":{"registrationId":74,"currentRatchet":{"ephemeralKeyPair":{"pubKey":"BX+Z1uZ/zAOVByXlZ4hXTY73VK+Bj7uz5HEPTUqPIbEz","privKey":"ENls7M4hDv5hFq3KushNGvmxaDouKG5bbodQkOlWGFU="},"lastRemoteEphemeralKey":"Bama621oWIfZGyZALYb25dMkf108ESIwXYX0To6KtBw1","previousCounter":0,"rootKey":"l0rcNHa42uIHFPYT3Q2fdJjDAPczdEEtVmDXrLF1MOw="},"indexInfo":{"baseKey":"BUfzZaSYWFsSI7/7jGDnV75/68K8kJXha7DcYJPuT2sr","baseKeyType":1,"closed":1706443726531,"used":1706443726141,"created":1706443726141,"remoteIdentityKey":"BbNL3tjJUIF3+dLrUr0lcOADap1JNhKOkUyMR+l8ogUH"},"_chains":{"BX+Z1uZ/zAOVByXlZ4hXTY73VK+Bj7uz5HEPTUqPIbEz":{"chainKey":{"counter":-1,"key":"+zlh1ASHuiHN2+qMd2P6FvXJzzoW+c+1bJqJTXog/FE="},"chainType":1,"messageKeys":{}}},"pendingPreKey":{"signedKeyId":1,"baseKey":"BUfzZaSYWFsSI7/7jGDnV75/68K8kJXha7DcYJPuT2sr","preKeyId":101}},"BSZ6Qjiiu6Q6hfUWpHWAue9+1lassje6RtViFRVQCcY/":{"registrationId":74,"currentRatchet":{"ephemeralKeyPair":{"pubKey":"BetBgypQ0/5FDQBvPk6E7x3z2gGXlAHh5zRFR50X+whq","privKey":"kBHVEHZcGuiubaktncit20etjZl1fWaX1Z06tYdArUQ="},"lastRemoteEphemeralKey":"Bama621oWIfZGyZALYb25dMkf108ESIwXYX0To6KtBw1","previousCounter":0,"rootKey":"xy5ZeMu4BUfKOAMTeF9X9ECtVppXoaTP7E3jEzJ1jSc="},"indexInfo":{"baseKey":"BSZ6Qjiiu6Q6hfUWpHWAue9+1lassje6RtViFRVQCcY/","baseKeyType":1,"closed":1706443727132,"used":1706443726530,"created":1706443726530,"remoteIdentityKey":"BbNL3tjJUIF3+dLrUr0lcOADap1JNhKOkUyMR+l8ogUH"},"_chains":{"BetBgypQ0/5FDQBvPk6E7x3z2gGXlAHh5zRFR50X+whq":{"chainKey":{"counter":-1,"key":"YQIkP3SEx2PmmMaZUC/8xGBuSxOI+/lfUHdwH+JmeSg="},"chainType":1,"messageKeys":{}}},"pendingPreKey":{"signedKeyId":1,"baseKey":"BSZ6Qjiiu6Q6hfUWpHWAue9+1lassje6RtViFRVQCcY/","preKeyId":86}},"BbLQO1LcxYE+IC21HjMbNZYoq2MT8z91+3zUJ+B3GgNJ":{"registrationId":74,"currentRatchet":{"ephemeralKeyPair":{"pubKey":"BX9aPXVqYvRJ2o7evPdF2r4pX44rEQamPWn8sy5OGIMR","privKey":"ABP9AxOz1CVZNDmxp8KByLWXiMPPBeFpxaDx6eYDnEU="},"lastRemoteEphemeralKey":"Bama621oWIfZGyZALYb25dMkf108ESIwXYX0To6KtBw1","previousCounter":0,"rootKey":"V71qtDPjtguR+wcO+ZR8GisryDNTx1Gj5rZsAL8p7r8="},"indexInfo":{"baseKey":"BbLQO1LcxYE+IC21HjMbNZYoq2MT8z91+3zUJ+B3GgNJ","baseKeyType":1,"closed":1706443727390,"used":1706443727131,"created":1706443727131,"remoteIdentityKey":"BbNL3tjJUIF3+dLrUr0lcOADap1JNhKOkUyMR+l8ogUH"},"_chains":{"BX9aPXVqYvRJ2o7evPdF2r4pX44rEQamPWn8sy5OGIMR":{"chainKey":{"counter":-1,"key":"asq1cVsmbqhxlbjYnUCX0YZBONuCn3SqhJivqjeqztU="},"chainType":1,"messageKeys":{}}},"pendingPreKey":{"signedKeyId":1,"baseKey":"BbLQO1LcxYE+IC21HjMbNZYoq2MT8z91+3zUJ+B3GgNJ","preKeyId":72}},"BW5f4J3lsxm4Gkr3q+k7r09amQkhXYMiAZ38Q1j60eIY":{"registrationId":74,"currentRatchet":{"ephemeralKeyPair":{"pubKey":"BZuMOvoAhYe47ps+eNdFtAOgAuJ46JhsnrC2UUcI6u07","privKey":"4IADfjYowSFaE5eac9pPqDXaGuklNw3IoYAMrnFsKl0="},"lastRemoteEphemeralKey":"Bama621oWIfZGyZALYb25dMkf108ESIwXYX0To6KtBw1","previousCounter":0,"rootKey":"OgquZj0PToO/+LRJvDeWFoiAB1hqjhH6rk4XcEHxdVo="},"indexInfo":{"baseKey":"BW5f4J3lsxm4Gkr3q+k7r09amQkhXYMiAZ38Q1j60eIY","baseKeyType":1,"closed":1706443727729,"used":1706443727389,"created":1706443727389,"remoteIdentityKey":"BbNL3tjJUIF3+dLrUr0lcOADap1JNhKOkUyMR+l8ogUH"},"_chains":{"BZuMOvoAhYe47ps+eNdFtAOgAuJ46JhsnrC2UUcI6u07":{"chainKey":{"counter":-1,"key":"6G4fGQkp4C6O8hi8OVPdYxxzkJ6loObhxk7RT0x5TOU="},"chainType":1,"messageKeys":{}}},"pendingPreKey":{"signedKeyId":1,"baseKey":"BW5f4J3lsxm4Gkr3q+k7r09amQkhXYMiAZ38Q1j60eIY","preKeyId":99}},"BQ5611CGkjqCSOZz4wQ8F1pBFuWJGoqw2XxbOogrbic+":{"registrationId":74,"currentRatchet":{"ephemeralKeyPair":{"pubKey":"BSskzNmA+ohAUWO6IV1/9mwKvPW6v4GSgxo5xQLYonw7","privKey":"IDH6rsUPc/B7pNNcPmYK4Y6uaMQF/I/fPqZBcUTUKWw="},"lastRemoteEphemeralKey":"Bama621oWIfZGyZALYb25dMkf108ESIwXYX0To6KtBw1","previousCounter":0,"rootKey":"vlR0VxxZyajU9ChiVlusubjuelNnzGVcCoQY0DKAaR4="},"indexInfo":{"baseKey":"BQ5611CGkjqCSOZz4wQ8F1pBFuWJGoqw2XxbOogrbic+","baseKeyType":1,"closed":1706443728363,"used":1706443727728,"created":1706443727728,"remoteIdentityKey":"BbNL3tjJUIF3+dLrUr0lcOADap1JNhKOkUyMR+l8ogUH"},"_chains":{"BSskzNmA+ohAUWO6IV1/9mwKvPW6v4GSgxo5xQLYonw7":{"chainKey":{"counter":-1,"key":"jxeYUdtWQei7O0KioukyqKAyloiBAIzq1P6ZoCiSHOY="},"chainType":1,"messageKeys":{}}},"pendingPreKey":{"signedKeyId":1,"baseKey":"BQ5611CGkjqCSOZz4wQ8F1pBFuWJGoqw2XxbOogrbic+","preKeyId":90}},"BQuwubS8L82DPQtdrGIENzfN0F1L63qcgPkdyOUR7qgc":{"registrationId":74,"currentRatchet":{"ephemeralKeyPair":{"pubKey":"BTIfPn7EqzjZSpTO9TRHaLTtsUDuRANbZfSub6dSxfkB","privKey":"6OcIU/pxQxUOZSKP5SEykuWlWRe7X24YeCC5CQrK9lw="},"lastRemoteEphemeralKey":"Bama621oWIfZGyZALYb25dMkf108ESIwXYX0To6KtBw1","previousCounter":0,"rootKey":"g6NyFvhk/h/PVb2rDhdBVosdqpRYMKw+gMeM+n/BaPQ="},"indexInfo":{"baseKey":"BQuwubS8L82DPQtdrGIENzfN0F1L63qcgPkdyOUR7qgc","baseKeyType":1,"closed":1706443728923,"used":1706443728362,"created":1706443728362,"remoteIdentityKey":"BbNL3tjJUIF3+dLrUr0lcOADap1JNhKOkUyMR+l8ogUH"},"_chains":{"BTIfPn7EqzjZSpTO9TRHaLTtsUDuRANbZfSub6dSxfkB":{"chainKey":{"counter":-1,"key":"ZgkjEIDoW5OXw/dmC4y8s5ZaYNoVcrpFrLmuGa1BMMk="},"chainType":1,"messageKeys":{}}},"pendingPreKey":{"signedKeyId":1,"baseKey":"BQuwubS8L82DPQtdrGIENzfN0F1L63qcgPkdyOUR7qgc","preKeyId":94}},"Bd/MJMfNE/3I0KuoD6aYxf7U/qzbRZbOkIYZbV07iVhx":{"registrationId":74,"currentRatchet":{"ephemeralKeyPair":{"pubKey":"BUazzUA++dAMgdx26Pe0KzRmv+mVc0IVEPFndbyb0rZG","privKey":"4NcnbfoTGl1UTDY39yt1jLieKrXP2heimY+VP+4ByHY="},"lastRemoteEphemeralKey":"Bama621oWIfZGyZALYb25dMkf108ESIwXYX0To6KtBw1","previousCounter":0,"rootKey":"KWAj/tVOWezXbFfC/PT9hajhN7V7zTNZE0iA7JV+1Bw="},"indexInfo":{"baseKey":"Bd/MJMfNE/3I0KuoD6aYxf7U/qzbRZbOkIYZbV07iVhx","baseKeyType":1,"closed":1706443729524,"used":1706443728922,"created":1706443728922,"remoteIdentityKey":"BbNL3tjJUIF3+dLrUr0lcOADap1JNhKOkUyMR+l8ogUH"},"_chains":{"BUazzUA++dAMgdx26Pe0KzRmv+mVc0IVEPFndbyb0rZG":{"chainKey":{"counter":-1,"key":"mcgVgXd9uLu/68x4d/U2+qiI+Y7kwJmhskwDoycpfUk="},"chainType":1,"messageKeys":{}}},"pendingPreKey":{"signedKeyId":1,"baseKey":"Bd/MJMfNE/3I0KuoD6aYxf7U/qzbRZbOkIYZbV07iVhx","preKeyId":91}},"BQ8gUU6y7jmqCv4DsKZDUDhETQCtRsHZR97o5qmuSHMJ":{"registrationId":74,"currentRatchet":{"ephemeralKeyPair":{"pubKey":"BYPqf1EYUxKDnyHGQRyt8AGj8hWusFC1dIDXOdP8S4Ax","privKey":"KExSiqwgBugtoifFDadh3dhrP7flxw750Rrzh08wvn4="},"lastRemoteEphemeralKey":"BVu+83j/HAbfvILYwA0VUMHqkyB+EJ21zdmQmPRaLHca","previousCounter":2,"rootKey":"VlS496GE02agM49ifEg0uAzZ03Ws4ekkfJ6MwnPR4yA="},"indexInfo":{"baseKey":"BQ8gUU6y7jmqCv4DsKZDUDhETQCtRsHZR97o5qmuSHMJ","baseKeyType":1,"closed":-1,"used":1706444324995,"created":1706443729523,"remoteIdentityKey":"BbNL3tjJUIF3+dLrUr0lcOADap1JNhKOkUyMR+l8ogUH"},"_chains":{"BVu+83j/HAbfvILYwA0VUMHqkyB+EJ21zdmQmPRaLHca":{"chainKey":{"counter":0,"key":"KTdP2emNHcZUakMSwb9lhbdSncxwCy4q4A0TTIdqoXg="},"chainType":2,"messageKeys":{}},"BYPqf1EYUxKDnyHGQRyt8AGj8hWusFC1dIDXOdP8S4Ax":{"chainKey":{"counter":1,"key":"LCIbSNkSXm3WHmgcB4lEBIgWv3luFcmSxELpLpGvzj4="},"chainType":1,"messageKeys":{}}}}},"version":"v1"}