{"_sessions":{"BSQNiE0kFGnAkGZCjaZXZ46flpD2jiDK3pCaE2FS6J1w":{"registrationId":1418694368,"currentRatchet":{"ephemeralKeyPair":{"pubKey":"BcCDNfIvAkaNyGl77nlOoYKAqzupIWuE2IKRKbn1YCUw","privKey":"GP6lyN1xsGMhQN4A1vgJLLViQSP2buwOG5ITwPY+ZG8="},"lastRemoteEphemeralKey":"Bfz5Uk3z9sRRYUA2JWwjmQGwDO1EarCrE4pqYJvD0uI8","previousCounter":0,"rootKey":"ErIA9FYghMFn+XfrWMJGRUxEqL+9GHTi652iujR2VTw="},"indexInfo":{"baseKey":"BSQNiE0kFGnAkGZCjaZXZ46flpD2jiDK3pCaE2FS6J1w","baseKeyType":1,"closed":-1,"used":1706443569628,"created":1706443569628,"remoteIdentityKey":"Bfxz7i5JqRXd/LkqkrBIBfJ68aD2/TIQ/7p0pzg4RjtN"},"_chains":{"BcCDNfIvAkaNyGl77nlOoYKAqzupIWuE2IKRKbn1YCUw":{"chainKey":{"counter":0,"key":"ne/RJncdTTNdZOR/hSoW7xAzXINS27ZEMXE7t4KhoHA="},"chainType":1,"messageKeys":{}}},"pendingPreKey":{"signedKeyId":0,"baseKey":"BSQNiE0kFGnAkGZCjaZXZ46flpD2jiDK3pCaE2FS6J1w","preKeyId":7259940}}},"version":"v1"}