{"_sessions":{"BXXgcwkAt9xkf5xpcYq5knsd53kKsAj5HRoE5OHF2iou":{"registrationId":1870507016,"currentRatchet":{"ephemeralKeyPair":{"pubKey":"BYws3u3prm/LdhMYIytS5i558RloCyEPbDFF/oXFDs1k","privKey":"cIjUfOWJ0nFnX6UmOFpp/n4/RHxx8TKqRaKDqR6UZ3I="},"lastRemoteEphemeralKey":"BVX4QkjNcFjji9YSglPgerra4DeBWxrLn8hs4cX7TZl9","previousCounter":0,"rootKey":"uEMzoZ8XBZHsG33GSZoRi+ErPqnJqzcyuDStwbPJMkI="},"indexInfo":{"baseKey":"BXXgcwkAt9xkf5xpcYq5knsd53kKsAj5HRoE5OHF2iou","baseKeyType":1,"closed":-1,"used":1706443569821,"created":1706443569821,"remoteIdentityKey":"BZc4pm2sDr6dxjxZq9xk3AAjoMbjkbJhmvmOXn8aSY5k"},"_chains":{"BYws3u3prm/LdhMYIytS5i558RloCyEPbDFF/oXFDs1k":{"chainKey":{"counter":0,"key":"ZZ4l9Cm23cSxNNWMeSkiWryC0kG9ukBLXz57FVNV7GU="},"chainType":1,"messageKeys":{}}},"pendingPreKey":{"signedKeyId":3,"baseKey":"BXXgcwkAt9xkf5xpcYq5knsd53kKsAj5HRoE5OHF2iou","preKeyId":816582}}},"version":"v1"}