{"_sessions":{"BURVu9tB+4ic0W+/s25Dsbve4H5ujQ/h4+ZCuDMCRbUg":{"registrationId":995441458,"currentRatchet":{"ephemeralKeyPair":{"pubKey":"Bd9udI4L48AMyCXa9+yTR1MSZYl7jKg7agxakWuqzGkb","privKey":"uBqS/m4ohLSXNXncIN9oIeFPVDJ5bkkzGuP9QlX7TUE="},"lastRemoteEphemeralKey":"BVQxQwx9tk5r758GIgYJYo5sym6/7NCIkw4o1bzylhRh","previousCounter":0,"rootKey":"jim1dE6tpnZmoxXAE7BWmdOVuAbKE4gZjtA26oZsLAc="},"indexInfo":{"baseKey":"BURVu9tB+4ic0W+/s25Dsbve4H5ujQ/h4+ZCuDMCRbUg","baseKeyType":1,"closed":-1,"used":1706443569561,"created":1706443569561,"remoteIdentityKey":"BX3jefbl0cf9CCl3u5QqazMGyvMmai7gZIapJ28pn8xJ"},"_chains":{"Bd9udI4L48AMyCXa9+yTR1MSZYl7jKg7agxakWuqzGkb":{"chainKey":{"counter":0,"key":"7WHKK/30SeBaUjTDoLy1AyXNAe8fGK1VW0y7KZxTQvw="},"chainType":1,"messageKeys":{}}},"pendingPreKey":{"signedKeyId":9,"baseKey":"BURVu9tB+4ic0W+/s25Dsbve4H5ujQ/h4+ZCuDMCRbUg"}}},"version":"v1"}