{"_sessions":{"BVAQJA0oE3kOaLPjG1aCvWo48cDGUtnGNpp0i5VWUwVE":{"registrationId":1781950727,"currentRatchet":{"ephemeralKeyPair":{"pubKey":"Bbsj5HJgfVECiYbRsG8l/H3SPr3lFdjglg7fh0+PtMkL","privKey":"sNfjAWml5LcBu9ybkUdg+2V/9EQNRY2Kx/yN9St1jk8="},"lastRemoteEphemeralKey":"Bb8BXk68tmt2iS4KXirfh7AbeOUyVIAYA+/xsIhmwnt6","previousCounter":0,"rootKey":"DdW6fZI8RfJRCmupNiyBQ+XdkGwk4oZ8B7abPcSBY7Y="},"indexInfo":{"baseKey":"BVAQJA0oE3kOaLPjG1aCvWo48cDGUtnGNpp0i5VWUwVE","baseKeyType":1,"closed":-1,"used":1706443569777,"created":1706443569777,"remoteIdentityKey":"Bdi5nzaz/KUdy6l54L/UFWEuQLufZl4DPZ0/kvltdbFs"},"_chains":{"Bbsj5HJgfVECiYbRsG8l/H3SPr3lFdjglg7fh0+PtMkL":{"chainKey":{"counter":0,"key":"UkRXVxCn0OO6wlABN9Mqk5kyUuBDPXf3aBkzmJj8b1Q="},"chainType":1,"messageKeys":{}}},"pendingPreKey":{"signedKeyId":4,"baseKey":"BVAQJA0oE3kOaLPjG1aCvWo48cDGUtnGNpp0i5VWUwVE","preKeyId":8455896}}},"version":"v1"}