{"_sessions":{"BTe3Q5eNdf1I0H+rR7aGzrYbbdwnOLswPA60WjuqNGI3":{"registrationId":1345921756,"currentRatchet":{"ephemeralKeyPair":{"pubKey":"BV4ROph1V6kg4dlpKMbwVw0rAwqBEMIBFtH6yJtB/uJj","privKey":"6Hy076pwQfXD1XTOBzvZDIWl8nsBFy+rrbrnbqp9vlQ="},"lastRemoteEphemeralKey":"BX32p3UvoqQF6s6ETgtF5oNuidrbBAj615WqoyN0+Vdo","previousCounter":0,"rootKey":"7PByZw3kI5dFIKVB1SVgT/F6mTXLqBlWH/5mNsxPU+g="},"indexInfo":{"baseKey":"BTe3Q5eNdf1I0H+rR7aGzrYbbdwnOLswPA60WjuqNGI3","baseKeyType":1,"closed":-1,"used":1706443569336,"created":1706443569336,"remoteIdentityKey":"BYISvKGN3CvL5C/WFt+mgr3wkqOG64x9zDk/AIFN8Fl+"},"_chains":{"BV4ROph1V6kg4dlpKMbwVw0rAwqBEMIBFtH6yJtB/uJj":{"chainKey":{"counter":0,"key":"8ojz5IjZhFBEm0I+0h6cLXbaq+V+mwe/0/gknjcYbeM="},"chainType":1,"messageKeys":{}}},"pendingPreKey":{"signedKeyId":0,"baseKey":"BTe3Q5eNdf1I0H+rR7aGzrYbbdwnOLswPA60WjuqNGI3","preKeyId":4887046}}},"version":"v1"}