{"_sessions":{"BetSEwCsp/zBtaYppodChv6cQe3gW0meTaFmjM0YeRNV":{"registrationId":96842525,"currentRatchet":{"ephemeralKeyPair":{"pubKey":"BVrHVJBWR5EG/FLokG7QmwcFOUbCpYQrsRm/zCp/fuU1","privKey":"qHJTXjbyijyEW5cC3Tj7FniwySC847XdZeH+xcIOWVM="},"lastRemoteEphemeralKey":"BVL8ge6U3CIUAB6sZxVLX4TZXdsDBYIRzop9vys0Vsgo","previousCounter":0,"rootKey":"wQDzhVTSiwCz/Yj5H+NLYftIKXaKRQLkim/KhBWA9Zk="},"indexInfo":{"baseKey":"BetSEwCsp/zBtaYppodChv6cQe3gW0meTaFmjM0YeRNV","baseKeyType":1,"closed":-1,"used":1706443569625,"created":1706443569625,"remoteIdentityKey":"BRZW+fWdfXl27RsBVvnFRUbgMoE9zQY2GUR/gJLMedA6"},"_chains":{"BVrHVJBWR5EG/FLokG7QmwcFOUbCpYQrsRm/zCp/fuU1":{"chainKey":{"counter":0,"key":"yU3qlCgKmvRRXQo65HiERDZtD8jS6a91Rd78pOoIiKk="},"chainType":1,"messageKeys":{}}},"pendingPreKey":{"signedKeyId":5,"baseKey":"BetSEwCsp/zBtaYppodChv6cQe3gW0meTaFmjM0YeRNV","preKeyId":15929454}}},"version":"v1"}