{"_sessions":{"Bc3AHepLs2tt9myDMD2jnEZFae1x8dopsRD2H3bMwNw5":{"registrationId":1447789513,"currentRatchet":{"ephemeralKeyPair":{"pubKey":"BcHH9S8TClDN2k8WSX0un9x3wgIfAw99+Jx6OhAsNtgb","privKey":"mMKOJO2KII2BLIvEo51H3Kl5bCIc3iiZgsdoLpFRKXA="},"lastRemoteEphemeralKey":"BSQ3X6+Iz6iPlyjnAA/pkKIHSRxyybea4Kpbh0dbjp9L","previousCounter":0,"rootKey":"3FwByQ0pkiFmopNq4cF6FWsDOXTI0Cpn1mJj2UUvD5Q="},"indexInfo":{"baseKey":"Bc3AHepLs2tt9myDMD2jnEZFae1x8dopsRD2H3bMwNw5","baseKeyType":1,"closed":-1,"used":1706443569635,"created":1706443569635,"remoteIdentityKey":"BdpiQY0XBr6SpX3tScZV9OeaOK1rZlELDEuySBWcbj50"},"_chains":{"BcHH9S8TClDN2k8WSX0un9x3wgIfAw99+Jx6OhAsNtgb":{"chainKey":{"counter":0,"key":"ha5pK8hWEpbnpykzLA5mp8T334flnUrdFEIbyhy4eUk="},"chainType":1,"messageKeys":{}}},"pendingPreKey":{"signedKeyId":16,"baseKey":"Bc3AHepLs2tt9myDMD2jnEZFae1x8dopsRD2H3bMwNw5","preKeyId":4120727}}},"version":"v1"}