{"_sessions":{"BQXwep3tBUI8DPEL1RTf7kP5PgfYsKgMEQhgAEuxysdT":{"registrationId":704294943,"currentRatchet":{"ephemeralKeyPair":{"pubKey":"BcyVmcDif1r2b1uH1HFvSohOuu18V2HsJk6InSsi5x5d","privKey":"WCxnkknEw5b+iq4tZg52t4YphpiyfjAwTHBErRkPtEM="},"lastRemoteEphemeralKey":"BWqEAKVJClr8/LO8aFZ29sqlDYx27TQJPNXnXLeJI6In","previousCounter":0,"rootKey":"IEyrDpsjTQWsoBkNKfTGayqLNvGfMvS6BXy2WJMYouc="},"indexInfo":{"baseKey":"BQXwep3tBUI8DPEL1RTf7kP5PgfYsKgMEQhgAEuxysdT","baseKeyType":1,"closed":-1,"used":1706443569635,"created":1706443569635,"remoteIdentityKey":"Bf4Cl5ybQqwNJ1TfRX5CwWWVHTVE1YRw3sC5fzIWEIlz"},"_chains":{"BcyVmcDif1r2b1uH1HFvSohOuu18V2HsJk6InSsi5x5d":{"chainKey":{"counter":0,"key":"ko3TTgCaPiPx0ZmB7coEQ/i9t1kDIHt2qezUsQ6H78M="},"chainType":1,"messageKeys":{}}},"pendingPreKey":{"signedKeyId":1,"baseKey":"BQXwep3tBUI8DPEL1RTf7kP5PgfYsKgMEQhgAEuxysdT","preKeyId":7062089}}},"version":"v1"}