{"_sessions":{"BSFD8Xq/407LxD8tZu8YEWQpW3BCeYpKULKFaoM/YBkg":{"registrationId":1853824536,"currentRatchet":{"ephemeralKeyPair":{"pubKey":"BWLpsR4wQnOloE3XdxmrUz514UyAnYBdOM61UQ/ZSm90","privKey":"AG181WZ78x743jCI3qyZnYY+HLJQpfwtSpfIKg3f0ko="},"lastRemoteEphemeralKey":"Be8fyBbduBIEOG+y/g8qHqtr4msT6WIBFYfcWV/eznwu","previousCounter":0,"rootKey":"h677J7ytuAHZS0MQXQpuHyU6Qx7skg1xNFsXpybkQzQ="},"indexInfo":{"baseKey":"BSFD8Xq/407LxD8tZu8YEWQpW3BCeYpKULKFaoM/YBkg","baseKeyType":1,"closed":-1,"used":1706443569436,"created":1706443569436,"remoteIdentityKey":"BTlc1aVx9ih/qm2a3NK33iAmWIghurvG+jLIPGmV8HJa"},"_chains":{"BWLpsR4wQnOloE3XdxmrUz514UyAnYBdOM61UQ/ZSm90":{"chainKey":{"counter":0,"key":"kS7yHBnNPoSG3UGbkFJHj8/ziKRb2voqlP8mkVRhC2U="},"chainType":1,"messageKeys":{}}},"pendingPreKey":{"signedKeyId":39,"baseKey":"BSFD8Xq/407LxD8tZu8YEWQpW3BCeYpKULKFaoM/YBkg"}}},"version":"v1"}