{"_sessions":{"BczpceKxdaZjNX+5UCMgcmRP+AN/vIGiJqgknnNO13wZ":{"registrationId":1480189407,"currentRatchet":{"ephemeralKeyPair":{"pubKey":"BfUVoP99htIyNnJAt2B+NNsClOEMYu1V2iCzuhAWp8Bt","privKey":"QArQenyu4QoVIuxgxXTPcATtmWBF+M44KXNBmzNzz18="},"lastRemoteEphemeralKey":"BWRZAVv4msLrXW6ftGIHnkHy1eW+prGXEkrw/1WGUqYk","previousCounter":0,"rootKey":"U+l7Sqv/sXhM2qMaHjT+7TslpKFMeFwLyTBIkL6lS+U="},"indexInfo":{"baseKey":"BczpceKxdaZjNX+5UCMgcmRP+AN/vIGiJqgknnNO13wZ","baseKeyType":1,"closed":-1,"used":1706443569877,"created":1706443569877,"remoteIdentityKey":"BdMnavWNQ41oTZTtk49F9vIIk9KEyYxr1uVPES+J7+09"},"_chains":{"BfUVoP99htIyNnJAt2B+NNsClOEMYu1V2iCzuhAWp8Bt":{"chainKey":{"counter":0,"key":"J3ReImRrWXYLuQjoxZDsEEoNgzw6eZ33LN2t1X2q1aw="},"chainType":1,"messageKeys":{}}},"pendingPreKey":{"signedKeyId":2,"baseKey":"BczpceKxdaZjNX+5UCMgcmRP+AN/vIGiJqgknnNO13wZ","preKeyId":2347191}}},"version":"v1"}