{"_sessions":{"BaczhLRgHz1XqSfZdhxgn+asrPQ385dn9IoJ6UmSN6xt":{"registrationId":164066589,"currentRatchet":{"ephemeralKeyPair":{"pubKey":"BWAGENX5hjtqRvtAPRdMw9ofMDPXw/oZlj/rcTULM7Vi","privKey":"QH+FUOrNPUopHSIFUPYQXkTYfk1mSvwVRdFGjGTzpFw="},"lastRemoteEphemeralKey":"BcWfj5pUL5H/yoezt9ILSyfHN3AfndwAnSSi6ZR74roy","previousCounter":0,"rootKey":"72PEz97WtUMuPEafP6WwdsKZbuugpjOMFMidBKneuwg="},"indexInfo":{"baseKey":"BaczhLRgHz1XqSfZdhxgn+asrPQ385dn9IoJ6UmSN6xt","baseKeyType":1,"closed":-1,"used":1706407675870,"created":1706407675870,"remoteIdentityKey":"BbYxRPP2adek/1Umnc1DQOlVuu0/blnUhfVf1HLSFA1c"},"_chains":{"BWAGENX5hjtqRvtAPRdMw9ofMDPXw/oZlj/rcTULM7Vi":{"chainKey":{"counter":31,"key":"1veDO7yv8HGfEYQs0zCuUQ+kOr21P8OyzjeTVuOSauc="},"chainType":1,"messageKeys":{}}},"pendingPreKey":{"signedKeyId":12,"baseKey":"BaczhLRgHz1XqSfZdhxgn+asrPQ385dn9IoJ6UmSN6xt","preKeyId":15644724}}},"version":"v1"}