{"_sessions":{"Bf+VpdUI4CbMxWh0RURztf99i+GSO+gIuioEsUo+jfEd":{"registrationId":543733254,"currentRatchet":{"ephemeralKeyPair":{"pubKey":"Bby6TgyKbBId+jRk/G+LilTlt032Xp6lNyr8mYifzLkF","privKey":"iALN65UpudrGTw/0aYThNuhOWY5y1gJgCGdMn73R0XY="},"lastRemoteEphemeralKey":"BZvEDpeZfqKLB4/L1AxASxf7Loko00WRE0W5kJ7r89Zh","previousCounter":0,"rootKey":"E8lqfrTk3amu3957OeZ/OjRO1E+Mn/MWyAI45j+Oncs="},"indexInfo":{"baseKey":"Bf+VpdUI4CbMxWh0RURztf99i+GSO+gIuioEsUo+jfEd","baseKeyType":1,"closed":-1,"used":1706443569856,"created":1706443569856,"remoteIdentityKey":"BTtBvinnTLKT5sShG0QNIPptLV5JZJoPry6u052TYOwu"},"_chains":{"Bby6TgyKbBId+jRk/G+LilTlt032Xp6lNyr8mYifzLkF":{"chainKey":{"counter":0,"key":"MXI5X5i9mvYFONoAG88DBgbs53XZ+1IW/t+eslHAU14="},"chainType":1,"messageKeys":{}}},"pendingPreKey":{"signedKeyId":16,"baseKey":"Bf+VpdUI4CbMxWh0RURztf99i+GSO+gIuioEsUo+jfEd","preKeyId":6386715}}},"version":"v1"}