{"_sessions":{"BZuVJ0PV4yDzBWwn3A4h2Hikouhnoe5cE/N0FRnO5c8V":{"registrationId":1749267192,"currentRatchet":{"ephemeralKeyPair":{"pubKey":"BUCBIA3UU9BtmEmYpokhwzTM6Ipg4GPwT5I0FUB0+5Up","privKey":"qLpmUD2yLLTWQJiuNe17B4iePsQROHEc42vcPiIXoGU="},"lastRemoteEphemeralKey":"BVFP1+Yho/N+SAFvT+xCXjrPp878PYA2phKLS+KepA4K","previousCounter":0,"rootKey":"3Jmojq56i3JXnl9cRD/sKGUyFPrnTFBawaEmtd8B1HA="},"indexInfo":{"baseKey":"BZuVJ0PV4yDzBWwn3A4h2Hikouhnoe5cE/N0FRnO5c8V","baseKeyType":1,"closed":-1,"used":1706443569601,"created":1706443569601,"remoteIdentityKey":"BTjDAfO4+N8BJ88CkqdgejghkxR2/RsF3PQbwXD+yb1b"},"_chains":{"BUCBIA3UU9BtmEmYpokhwzTM6Ipg4GPwT5I0FUB0+5Up":{"chainKey":{"counter":0,"key":"+txzlHkRseoFCxrzy54BonWhRPQdGV9mSzpPvfxxBa4="},"chainType":1,"messageKeys":{}}},"pendingPreKey":{"signedKeyId":9,"baseKey":"BZuVJ0PV4yDzBWwn3A4h2Hikouhnoe5cE/N0FRnO5c8V","preKeyId":14516121}}},"version":"v1"}