{"_sessions":{"BQboo7SB4reHZzFh6Sh4tWNcKC1ZWfLZOmqMPKxPDYRY":{"registrationId":218041721,"currentRatchet":{"ephemeralKeyPair":{"pubKey":"BWOOVPVPe0IyM9F8Wsce6ahIprrpFtYut7+2KobBXxVk","privKey":"ECaC82I/xr7teQG/Wzshk/QmgWkp1Z065ebN0kJgblQ="},"lastRemoteEphemeralKey":"BWRrOof87u3UFsHarplLhqrI0OmbL56CIUo9za5QPFRC","previousCounter":0,"rootKey":"pldnKDkmrmrQ8kL1XPd4LOzxCE12fiM8eUo5F0035VY="},"indexInfo":{"baseKey":"BQboo7SB4reHZzFh6Sh4tWNcKC1ZWfLZOmqMPKxPDYRY","baseKeyType":1,"closed":-1,"used":1706443569390,"created":1706443569390,"remoteIdentityKey":"BS68GLpXCcbt39vxZtarL+wnXseh4ASJ7PPU352YleY9"},"_chains":{"BWOOVPVPe0IyM9F8Wsce6ahIprrpFtYut7+2KobBXxVk":{"chainKey":{"counter":0,"key":"59ZaSu0KiknCgdtr4bndN6J6/Jdl7be+S7p8p+v+AXA="},"chainType":1,"messageKeys":{}}},"pendingPreKey":{"signedKeyId":1,"baseKey":"BQboo7SB4reHZzFh6Sh4tWNcKC1ZWfLZOmqMPKxPDYRY"}}},"version":"v1"}