{"_sessions":{"BZYrqAknsOyHXNWxMqucsFDAjzY7Ex4+643zvdp9Dbg+":{"registrationId":1337231114,"currentRatchet":{"ephemeralKeyPair":{"pubKey":"BQ7vWlC2P027JuZyan5vQprkIYQ9mk1CtWN9IW920sFB","privKey":"4LKhsGyy/7PH6wVB749t3EcuUpOmNYx/UTFFCIU8yXU="},"lastRemoteEphemeralKey":"BZa+EUAxt0X4H/2RIG1NMmvTR1baDC0XRHdco7E+tPsv","previousCounter":0,"rootKey":"yxYQ9jQKz/Z4P/1RP7/KfZpk2jBAU3VJGmjfJCnFHjI="},"indexInfo":{"baseKey":"BZYrqAknsOyHXNWxMqucsFDAjzY7Ex4+643zvdp9Dbg+","baseKeyType":1,"closed":-1,"used":1706443569557,"created":1706443569557,"remoteIdentityKey":"BbN0zd0JPjLfJ8vr+cc5PwIsuuJ+67BiqX+f/rR4x4Vw"},"_chains":{"BQ7vWlC2P027JuZyan5vQprkIYQ9mk1CtWN9IW920sFB":{"chainKey":{"counter":0,"key":"h/bZVO+AJLs+06KAPluoDl0h/raWLvXRGV2yKVjZ7is="},"chainType":1,"messageKeys":{}}},"pendingPreKey":{"signedKeyId":2,"baseKey":"BZYrqAknsOyHXNWxMqucsFDAjzY7Ex4+643zvdp9Dbg+"}}},"version":"v1"}