{"_sessions":{"BYn73Q4rYPghxLkZMXhCvCglnMxlzPQLRjnQsbSwiB89":{"registrationId":1982034573,"currentRatchet":{"ephemeralKeyPair":{"pubKey":"BQwWXWbZgSt+4nqJgW5U4hooxYWkrK8Oq4ZBF6VQky12","privKey":"wMkobNooy/JdNdadqIdhBtY6PuIWwmgqoKnsQJrDdVo="},"lastRemoteEphemeralKey":"BbYISy+LdVMH1vVJqvs7sTOBqUN7B9CtS88B97uTbpY4","previousCounter":1,"rootKey":"FVYm0xVn9yN4JknyufpfWaX7AbJj8zy4XT9g+92EMqs="},"indexInfo":{"baseKey":"BYn73Q4rYPghxLkZMXhCvCglnMxlzPQLRjnQsbSwiB89","baseKeyType":1,"closed":-1,"used":1706437381712,"created":1706407675752,"remoteIdentityKey":"BdCPxBfcBioOOkfAi21fxA8M1r8tPFd7ve3uIwDz3ql8"},"_chains":{"BeE+m372sMQnVcLrupxZLPh93BRtsZjsglqYuAa1Xs0z":{"chainKey":{"counter":0},"chainType":2,"messageKeys":{}},"BbYISy+LdVMH1vVJqvs7sTOBqUN7B9CtS88B97uTbpY4":{"chainKey":{"counter":3,"key":"ZHXr3rrYGEi50dQN/fsQGDdbvLS+NBgy7t6BzZn22+g="},"chainType":2,"messageKeys":{"1":"tZmqnre5NggTLs2ereElanTdu4vf0nxFEayoPW71qzw=","2":"LXyfD9PmM9mCXtvKeKOyaAM4Yc34kBU8dJD5bs/W3vg="}},"BQwWXWbZgSt+4nqJgW5U4hooxYWkrK8Oq4ZBF6VQky12":{"chainKey":{"counter":13,"key":"uUDX229zduxRbZjSkTXb6tuk0+Bftey9EwUFhBCO7LE="},"chainType":1,"messageKeys":{}}}}},"version":"v1"}