{"_sessions":{"BYa1CX2p3Q5Z82Ng4cGWZv8lUG07SG2Fv2b5lPfpZYl3":{"registrationId":493678813,"currentRatchet":{"ephemeralKeyPair":{"pubKey":"Bb+3f0ydqWpR31CVuhNqbYhe4U5oLHIF42dVmkCEiF4R","privKey":"iPoeWNOo/iuLVR4dsO6JHVZox1v8ZYnDYf53O/0Db18="},"lastRemoteEphemeralKey":"BQP68ZVNqtjj5eWQu4Jdx/QD2zmaTyXkcc5VGedK3p8O","previousCounter":0,"rootKey":"ND7JsnkqJqsaINBjurnZime+F3kAJVIyLYcRZ3zCwg0="},"indexInfo":{"baseKey":"BYa1CX2p3Q5Z82Ng4cGWZv8lUG07SG2Fv2b5lPfpZYl3","baseKeyType":1,"closed":-1,"used":1706443569762,"created":1706443569762,"remoteIdentityKey":"BU3vPLyxMyknXcN3aF39P3w5m9NlMh+1++97WIZVpahe"},"_chains":{"Bb+3f0ydqWpR31CVuhNqbYhe4U5oLHIF42dVmkCEiF4R":{"chainKey":{"counter":0,"key":"J/u9k4VnU3yLTEiAYopgQa9dGqgNBiIYqheimkacbdw="},"chainType":1,"messageKeys":{}}},"pendingPreKey":{"signedKeyId":5,"baseKey":"BYa1CX2p3Q5Z82Ng4cGWZv8lUG07SG2Fv2b5lPfpZYl3","preKeyId":11534579}}},"version":"v1"}