{"_sessions":{"BUAydGo7mRK3VTwfqr4dipnlN8bXXTeYyMMGmL1JQI05":{"registrationId":1003478827,"currentRatchet":{"ephemeralKeyPair":{"pubKey":"BbNoG7h2ylwA3FzLT9LgPbQV78M8xTSC6iJ2DGhtXgcn","privKey":"qBbY0WCXr6IoMOAA8D5kITfo86Z39+f5H6Uj2Ahn/m4="},"lastRemoteEphemeralKey":"BTn1D+v0psRZgaozsg13fkf3xMu9rsEW3sYJVJdSyAN9","previousCounter":0,"rootKey":"pkksRZllnmAL1ZjWvrQg8Emo516/6COCfzpDhbDCneU="},"indexInfo":{"baseKey":"BUAydGo7mRK3VTwfqr4dipnlN8bXXTeYyMMGmL1JQI05","baseKeyType":1,"closed":-1,"used":1706443569639,"created":1706443569639,"remoteIdentityKey":"BY7QfSzE5vN9WyM2sdmug012J/XI9mdCewevlzcHqTxK"},"_chains":{"BbNoG7h2ylwA3FzLT9LgPbQV78M8xTSC6iJ2DGhtXgcn":{"chainKey":{"counter":0,"key":"k+1f+F/y9x2J+HprLZ9AssG0yo4aLh0zN/RAhp6IkEA="},"chainType":1,"messageKeys":{}}},"pendingPreKey":{"signedKeyId":0,"baseKey":"BUAydGo7mRK3VTwfqr4dipnlN8bXXTeYyMMGmL1JQI05","preKeyId":1374282}}},"version":"v1"}