{"_sessions":{"BdSI0BuXzZxcbDIxjV3taugQOoagnW2R5SDQz4Edu3Ny":{"registrationId":700453199,"currentRatchet":{"ephemeralKeyPair":{"pubKey":"Bcx735rFC1H6RRkGE3OoqWzulIGXSC7PvpsPsaB5zrZ9","privKey":"QD/rTnsLyugvmnYAt1x3a50CiGo1XBtQFl5Sk5VblWg="},"lastRemoteEphemeralKey":"BV9U+QgrY+xr6t/+ai55qQTQSUTPjFuJ9cacx4QNtfVq","previousCounter":0,"rootKey":"u5Mj3nQxuvRDy1cRCRp7Eq26W71/SZvnD1Ob+ju1Q+o="},"indexInfo":{"baseKey":"BdSI0BuXzZxcbDIxjV3taugQOoagnW2R5SDQz4Edu3Ny","baseKeyType":1,"closed":-1,"used":1706443569763,"created":1706443569763,"remoteIdentityKey":"BQe3SqUW6NXgja5UVFT+40kBicGY3zcMF1sNJiOdaks2"},"_chains":{"Bcx735rFC1H6RRkGE3OoqWzulIGXSC7PvpsPsaB5zrZ9":{"chainKey":{"counter":0,"key":"WxlBWwKnini1StmCJoyiOFdCOMFIkhld+h6TXaIjcLk="},"chainType":1,"messageKeys":{}}},"pendingPreKey":{"signedKeyId":1,"baseKey":"BdSI0BuXzZxcbDIxjV3taugQOoagnW2R5SDQz4Edu3Ny","preKeyId":9639452}}},"version":"v1"}