{"_sessions":{"BdQaQ7yI5NqG3ipKldyrLzl/UBIOUarMmxeUGP5GObVa":{"registrationId":1469445577,"currentRatchet":{"ephemeralKeyPair":{"pubKey":"BTzPnwAtdvPWjVg44J9U0DaQOUe9VylAZl8Ivk2Y3GUR","privKey":"wKF3mh5gHJ8A4vf4T++9MMJ+zpCOtg7uP8rUuywuE1Y="},"lastRemoteEphemeralKey":"BfeayuIydhmYzHAoQiIusD89rXorL8zclM7t1PuRPdh+","previousCounter":0,"rootKey":"wXSL7Qrl72iCkoWjYUWzAHje771IOOIZIWC5h5xohqU="},"indexInfo":{"baseKey":"BdQaQ7yI5NqG3ipKldyrLzl/UBIOUarMmxeUGP5GObVa","baseKeyType":1,"closed":-1,"used":1706443569817,"created":1706443569817,"remoteIdentityKey":"BUV5toBDLi+btA5AtdX1Vh3xGDdXGaKyioXkhdY4fcwF"},"_chains":{"BTzPnwAtdvPWjVg44J9U0DaQOUe9VylAZl8Ivk2Y3GUR":{"chainKey":{"counter":0,"key":"v5d0dUvAEhe0k1vEGn7hjJjBwQ/J+XNa46GTHkmhHpA="},"chainType":1,"messageKeys":{}}},"pendingPreKey":{"signedKeyId":6,"baseKey":"BdQaQ7yI5NqG3ipKldyrLzl/UBIOUarMmxeUGP5GObVa","preKeyId":14340362}}},"version":"v1"}