{"_sessions":{"BfeeXVcaijKN90g9kDPgNTKp4Mf/IUAqfxi94p2dSRoU":{"registrationId":1559283255,"currentRatchet":{"ephemeralKeyPair":{"pubKey":"BRtXiUGBkTdwqkZi5YsccOtDz+Jwnx8Vbpo+zDMt3eNa","privKey":"ED2sP2KMGWS35od/q/2P0OClgTZBZAYENil0WdzsVUQ="},"lastRemoteEphemeralKey":"BYGlGZYd3fcuUBjRRMBkK5HnYBOD3EkSh1+O1nJz+pdh","previousCounter":0,"rootKey":"q8LGOJHmeC4YKR1iO1EJMdqGnXLOEmzaF02Z7jxeBG0="},"indexInfo":{"baseKey":"BfeeXVcaijKN90g9kDPgNTKp4Mf/IUAqfxi94p2dSRoU","baseKeyType":1,"closed":-1,"used":1706443569605,"created":1706443569605,"remoteIdentityKey":"BZGTApmAcYqOrMh7nXMgMnwBzqDpOts64vYpBxuyehUe"},"_chains":{"BRtXiUGBkTdwqkZi5YsccOtDz+Jwnx8Vbpo+zDMt3eNa":{"chainKey":{"counter":0,"key":"5fX3BgA5WAUyqrGn30wEhNgW3wO6SAyDV9+bIeIP7kk="},"chainType":1,"messageKeys":{}}},"pendingPreKey":{"signedKeyId":2,"baseKey":"BfeeXVcaijKN90g9kDPgNTKp4Mf/IUAqfxi94p2dSRoU","preKeyId":1521723}}},"version":"v1"}