{"_sessions":{"BVM/eQRqZpMTO/chPF9apZvbh4hKpaCmHfBCEQ4gWwky":{"registrationId":5616,"currentRatchet":{"ephemeralKeyPair":{"pubKey":"BS7iSzfOlcsUwlmB6+R8juOjX0UyBgHWyIjrXqx1UjI6","privKey":"CDahnAY18i8XyMDFKglt2DgRXdsc9O+Gsk3ERnc5WEU="},"lastRemoteEphemeralKey":"BcZYBdSYQK6jD6QFp4M6Ldt+tv5K41JOVofkPLQ+TtIA","previousCounter":0,"rootKey":"lBREKSORYAa7lmQRIWMzT11x+iIvy/CKzTSaz+ZqpG8="},"indexInfo":{"baseKey":"BVM/eQRqZpMTO/chPF9apZvbh4hKpaCmHfBCEQ4gWwky","baseKeyType":1,"closed":-1,"used":1706443569285,"created":1706443569285,"remoteIdentityKey":"BRb8pjCjjsbnaJQ4BX+f8XTYiyqB50qhbtB/sE4wtyFa"},"_chains":{"BS7iSzfOlcsUwlmB6+R8juOjX0UyBgHWyIjrXqx1UjI6":{"chainKey":{"counter":0,"key":"POc99EtY0ij43x4U9XynTUivyU0e94c+h/IrJLgvphk="},"chainType":1,"messageKeys":{}}},"pendingPreKey":{"signedKeyId":1,"baseKey":"BVM/eQRqZpMTO/chPF9apZvbh4hKpaCmHfBCEQ4gWwky","preKeyId":3702}}},"version":"v1"}