{"_sessions":{"BZXtBOoF8nZO3l4OqMBsHlQm+UU3nL3WJb6arkv0NKcK":{"registrationId":250070853,"currentRatchet":{"ephemeralKeyPair":{"pubKey":"BaDgB2zIfB4AvVPI0unZKMrDPG8QlWgYWJx42oafkB5V","privKey":"uLu1eQKYd9RzE/TcQ1pElmSUVy5Bi9hH0eUW0aOFxVM="},"lastRemoteEphemeralKey":"BbZL4jcwmhLgVjbW3b/9l9askrbgvW197T28S47wlbU2","previousCounter":15,"rootKey":"o0fmki3hdn0TckG1AC1kgUXj9itfeJKinPCpcldLyAQ="},"indexInfo":{"baseKey":"BZXtBOoF8nZO3l4OqMBsHlQm+UU3nL3WJb6arkv0NKcK","baseKeyType":1,"closed":-1,"used":1706419807834,"created":1706407625738,"remoteIdentityKey":"BV/GXfhS2ei+92HSvufctMgY7Bkl7TD8Rn8IjRvORV4k"},"_chains":{"BbwyKDX+18D/dDp508yUd238FKRG8WLvHbf5FKL2TOtf":{"chainKey":{"counter":2},"chainType":2,"messageKeys":{}},"BbZL4jcwmhLgVjbW3b/9l9askrbgvW197T28S47wlbU2":{"chainKey":{"counter":0,"key":"K9G0YFH9v7o/qdJQl5jQkMbGMBTWwsVAllA/m9HXWi0="},"chainType":2,"messageKeys":{}},"BaDgB2zIfB4AvVPI0unZKMrDPG8QlWgYWJx42oafkB5V":{"chainKey":{"counter":15,"key":"2/4OuChoPw7D+ncrxaav981Yb8K0NS5n1AP6iDk3eRo="},"chainType":1,"messageKeys":{}}}}},"version":"v1"}