{"_sessions":{"BR1pgKDfBNUxyO/nbq/9mRM5c1dggqtcAILIrgLikvh3":{"registrationId":13567649,"currentRatchet":{"ephemeralKeyPair":{"pubKey":"BTKT2F7S0p93TcJvxZfatQ7+2QVxOexDAoOOWbh1n2YB","privKey":"ANPtihyhKyNYRY7e+EEIVUw01wMkpri4pyCx9Wl692I="},"lastRemoteEphemeralKey":"BUpnLWRSENzYPqaz7wdrSaRi/Qf7MvA2orDmx53YCLAp","previousCounter":0,"rootKey":"rTDM2Mi1+6nzM2Yyjg/cSj1C1SMlGrCckWhypHF0z+U="},"indexInfo":{"baseKey":"BR1pgKDfBNUxyO/nbq/9mRM5c1dggqtcAILIrgLikvh3","baseKeyType":1,"closed":-1,"used":1706443569491,"created":1706443569491,"remoteIdentityKey":"BfKHlFIulqspq1LGYD1FsKIumHijk9DM3IDdE+YKKCBB"},"_chains":{"BTKT2F7S0p93TcJvxZfatQ7+2QVxOexDAoOOWbh1n2YB":{"chainKey":{"counter":0,"key":"Z23gEYvtF1ZV22X2H5UWPS/5iY3srPBYAMOUCDntggM="},"chainType":1,"messageKeys":{}}},"pendingPreKey":{"signedKeyId":6,"baseKey":"BR1pgKDfBNUxyO/nbq/9mRM5c1dggqtcAILIrgLikvh3"}}},"version":"v1"}