{"_sessions":{"Bbb0a9s/Oe/yd9dPydRYoflkfPADkp/iEUwiN+TBTTtI":{"registrationId":167579410,"currentRatchet":{"ephemeralKeyPair":{"pubKey":"Bd36org6sl7IaE5iEimJQgZVzbn4lFHhBx6xf+y2+M5w","privKey":"CJipQTO6VnK0pF+e9D0RtbCOtSFhmup8qneYg6kSSXg="},"lastRemoteEphemeralKey":"BZ2m4UUbCouCjbEtd15d83EbQroYlnTnPLRHKWFhVGJ3","previousCounter":0,"rootKey":"51/QllLyshY1sLnWx5JIdscCcDEMORPgBzJNvZ+u0Yk="},"indexInfo":{"baseKey":"Bbb0a9s/Oe/yd9dPydRYoflkfPADkp/iEUwiN+TBTTtI","baseKeyType":1,"closed":-1,"used":1706443569754,"created":1706443569754,"remoteIdentityKey":"BY+/nhDOUOKiqQwiTTDTIaKqSeahzjKgPOwsQ56b/ToT"},"_chains":{"Bd36org6sl7IaE5iEimJQgZVzbn4lFHhBx6xf+y2+M5w":{"chainKey":{"counter":0,"key":"IvX5PXgSVDGlmPv8ZAVpYg0vtU0F0GylOYm300NT/IA="},"chainType":1,"messageKeys":{}}},"pendingPreKey":{"signedKeyId":1,"baseKey":"Bbb0a9s/Oe/yd9dPydRYoflkfPADkp/iEUwiN+TBTTtI","preKeyId":4106471}}},"version":"v1"}