{"_sessions":{"BSNaXpe90jXxwM41P9NU+LmCdj3qA+U3fS0qIvoS5YF9":{"registrationId":817698521,"currentRatchet":{"ephemeralKeyPair":{"pubKey":"BVYOqPbkfkRVonJgL+zkt13m+Uam0/oKdim/60XjD7US","privKey":"wFTKTRMNhnQBK47pmq9B3IjhmokI/TTeE1J4m1m4XGQ="},"lastRemoteEphemeralKey":"BcNOI6zaJLcuhsBk20taOf7V3Ef1ykjmh3orPiQ29LQ3","previousCounter":0,"rootKey":"W/PLALYIALIxmTnFtgE2VS0k4vnxllfTAbF+pUHhHH4="},"indexInfo":{"baseKey":"BSNaXpe90jXxwM41P9NU+LmCdj3qA+U3fS0qIvoS5YF9","baseKeyType":1,"closed":-1,"used":1706443569418,"created":1706443569418,"remoteIdentityKey":"BfYXTZqZN7n9O4hRlH+tsBH8oX8GHXtlXFRdo4OQEwF/"},"_chains":{"BVYOqPbkfkRVonJgL+zkt13m+Uam0/oKdim/60XjD7US":{"chainKey":{"counter":0,"key":"62EDDl9cKTz0pdiknm5AuZKn8QuybGbPcRIBAgE72zA="},"chainType":1,"messageKeys":{}}},"pendingPreKey":{"signedKeyId":0,"baseKey":"BSNaXpe90jXxwM41P9NU+LmCdj3qA+U3fS0qIvoS5YF9","preKeyId":9912497}}},"version":"v1"}