{"_sessions":{"BY9sQCpri4ZFjs1SggZm55TnLOJ9/FpxGHOndtmjlyUl":{"registrationId":2013624467,"currentRatchet":{"ephemeralKeyPair":{"pubKey":"Bf0t5C63ZErUZ4sP/sVba8DwMCszZVICi9he257D9qVp","privKey":"eML8jJ4jza+9Hn8m5upKaFQZFMgFa1JX89elpF6rvFE="},"lastRemoteEphemeralKey":"BZljk4y76fKFib4T0V1Wh9GY2h+MUQtVoVHPckSe6E8L","previousCounter":0,"rootKey":"EmEknc2wvHl/qH+2wlrc8Y3aH0AK5OgzD65Gnif9Y7I="},"indexInfo":{"baseKey":"BY9sQCpri4ZFjs1SggZm55TnLOJ9/FpxGHOndtmjlyUl","baseKeyType":1,"closed":-1,"used":1706443569246,"created":1706443569246,"remoteIdentityKey":"BcHr2969q0MbsqSADY7K8QwDy06Q0OuRgiZ7+kCCKH15"},"_chains":{"Bf0t5C63ZErUZ4sP/sVba8DwMCszZVICi9he257D9qVp":{"chainKey":{"counter":0,"key":"w72nHeLjxAbkPaQAvJb278L1jlCR0ReKXSzPPfNImN4="},"chainType":1,"messageKeys":{}}},"pendingPreKey":{"signedKeyId":6,"baseKey":"BY9sQCpri4ZFjs1SggZm55TnLOJ9/FpxGHOndtmjlyUl","preKeyId":5561642}}},"version":"v1"}