{"_sessions":{"Bb0+wwzX+S1MhshLJHKlkLAZ1cIUO+8IXM8lGO6Dg0FC":{"registrationId":12390,"currentRatchet":{"ephemeralKeyPair":{"pubKey":"BXQInl6oFj6LnvcjQRGYViDV3TAMkw6/gLHoWFPLOmYv","privKey":"API3iwsTcfU/8/wwQJZZhBGC05s2gyIMECvF0BuzEX8="},"lastRemoteEphemeralKey":"BQ+B6v07tMBWazdHFbVJsQ/VjvtfSssgipyRPTaYJ7Z7","previousCounter":0,"rootKey":"X2T/r2wE9o6oTtH3frC8e7Qh8CL3uELw3uqucAajzCw="},"indexInfo":{"baseKey":"Bb0+wwzX+S1MhshLJHKlkLAZ1cIUO+8IXM8lGO6Dg0FC","baseKeyType":1,"closed":-1,"used":1706443569270,"created":1706443569270,"remoteIdentityKey":"BTJG0fAf7TiHIZjTU+lSWpxVQz8yVDUzC6dbiFkUJ8Qb"},"_chains":{"BXQInl6oFj6LnvcjQRGYViDV3TAMkw6/gLHoWFPLOmYv":{"chainKey":{"counter":0,"key":"MZqe4xRfg2u5KUn30mzFFu24YjHdxJn95Z1zRw6cDyY="},"chainType":1,"messageKeys":{}}},"pendingPreKey":{"signedKeyId":1,"baseKey":"Bb0+wwzX+S1MhshLJHKlkLAZ1cIUO+8IXM8lGO6Dg0FC"}}},"version":"v1"}