{"_sessions":{"Bds+g9NOi/zWL3jh+MF1v9XNcCOZZDUaXa2eIyMKGPEi":{"registrationId":529713951,"currentRatchet":{"ephemeralKeyPair":{"pubKey":"BTz2VNxjcz0Ws/EiI9szFX9Gv2w9mUdzS6nTy5WWXfst","privKey":"WHSv5DgwdlKu64x10pFY3HmCaKDZtpDiTGGp6/RquE4="},"lastRemoteEphemeralKey":"BSbMNL5iDLwdIbUBmDa9XNYzQGSLZuq9h/OZ+JxBEjg3","previousCounter":0,"rootKey":"nnp3zy1n6r+oXO0sP/O8orSTyoOX0tJe1EN7T6fksCI="},"indexInfo":{"baseKey":"Bds+g9NOi/zWL3jh+MF1v9XNcCOZZDUaXa2eIyMKGPEi","baseKeyType":1,"closed":-1,"used":1706443569841,"created":1706443569841,"remoteIdentityKey":"BYzCcLYXL5YdlZq636vodMxcfc9/ezSxeG70bBqPoHtd"},"_chains":{"BTz2VNxjcz0Ws/EiI9szFX9Gv2w9mUdzS6nTy5WWXfst":{"chainKey":{"counter":0,"key":"ESI7h52OSsr66+6wuJbxfrdBSgh2zmgKB9nv/z+RTR8="},"chainType":1,"messageKeys":{}}},"pendingPreKey":{"signedKeyId":4,"baseKey":"Bds+g9NOi/zWL3jh+MF1v9XNcCOZZDUaXa2eIyMKGPEi"}}},"version":"v1"}