{"_sessions":{"BdvF9m0leOaL288ngZ1i7QkOGwm9aBZYUVFaxQTah0o8":{"registrationId":2030381616,"currentRatchet":{"ephemeralKeyPair":{"pubKey":"Bf0JWRuYO+FOl0Ao6t5w/Jrxm89pVCgzNUqlA9mC1yAT","privKey":"uGUjv/QpgNDwczt50G1ssAc4YU9qolyJ0CSum3LIM24="},"lastRemoteEphemeralKey":"BUtOS+QhiXgu+zk4yfigEQF1CALxSJLEOtNAGcUulQpZ","previousCounter":0,"rootKey":"YX6aMqn/til4WFwar9j/DwUsP4QJRLDpuowxkjT6Gss="},"indexInfo":{"baseKey":"BdvF9m0leOaL288ngZ1i7QkOGwm9aBZYUVFaxQTah0o8","baseKeyType":1,"closed":-1,"used":1706407675859,"created":1706407675859,"remoteIdentityKey":"BX9gpC+N2fgDiMaANODgMMES+Q2uygHWcGWXxPzMElBJ"},"_chains":{"Bf0JWRuYO+FOl0Ao6t5w/Jrxm89pVCgzNUqlA9mC1yAT":{"chainKey":{"counter":31,"key":"f4DOA5LKFfW5Gh7Wv2FU5fyHk++PsU5r4GpWu//8pYU="},"chainType":1,"messageKeys":{}}},"pendingPreKey":{"signedKeyId":7,"baseKey":"BdvF9m0leOaL288ngZ1i7QkOGwm9aBZYUVFaxQTah0o8","preKeyId":11848353}}},"version":"v1"}