{"_sessions":{"BfVgVbY3eLHZ8Cf/sjNq4R6gADLsXEi1lmKJVjb2Cu0D":{"registrationId":9852,"currentRatchet":{"ephemeralKeyPair":{"pubKey":"BUs9L5WgN0J3ICbJMV4lGS0zv5gywL3WV+BjSID2H/5B","privKey":"kOXoCZYg+AapwD/vh5Y6ukiz6tbxvdsYqUDUVFH1fmc="},"lastRemoteEphemeralKey":"BeBW61m32Lwjq/qBVTAlsv/nrMxjarjkPCRQeWYLhsUO","previousCounter":0,"rootKey":"cAnxmXjgqf/hugMFxlPQo8bAZ8dBJOhnP8yM0Ip3ZUc="},"indexInfo":{"baseKey":"BfVgVbY3eLHZ8Cf/sjNq4R6gADLsXEi1lmKJVjb2Cu0D","baseKeyType":1,"closed":-1,"used":1706407675732,"created":1706407675732,"remoteIdentityKey":"Be45W5pTaFmyz0dSzAfscxLWTSbhItHcOOpI7D4ocIgD"},"_chains":{"BUs9L5WgN0J3ICbJMV4lGS0zv5gywL3WV+BjSID2H/5B":{"chainKey":{"counter":31,"key":"KxRS4ubB9BKluFMs2KYUsKtvUFnZ+GBYujJRtvuIrw4="},"chainType":1,"messageKeys":{}}},"pendingPreKey":{"signedKeyId":1,"baseKey":"BfVgVbY3eLHZ8Cf/sjNq4R6gADLsXEi1lmKJVjb2Cu0D"}}},"version":"v1"}