{"_sessions":{"BbIve3FhdHmlsTzBy1yCUICHmx4RabmS/BuKBn/o1Gss":{"registrationId":565539641,"currentRatchet":{"ephemeralKeyPair":{"pubKey":"BfUwTcADfiUHktoiKfM0DMAriOdl//KJFBspIGTQXEoP","privKey":"MN/uvw0scpk0Iasc+sF/EsyVcbulIzmDLPJIyqnXQUs="},"lastRemoteEphemeralKey":"BSMWwkNAF7qz8xsyQWwY9b3csQUhYyfAj5ZIkSbVsiwL","previousCounter":0,"rootKey":"2UgY3eHcGTXR5qZNgbawtCzhODwCTiWTVpfgYsOcmFg="},"indexInfo":{"baseKey":"BbIve3FhdHmlsTzBy1yCUICHmx4RabmS/BuKBn/o1Gss","baseKeyType":1,"closed":-1,"used":1706443569903,"created":1706443569903,"remoteIdentityKey":"Bf1b/d1tWYIO77eRJ7l4SRIjRBTYH0c3vcyANn3E18AN"},"_chains":{"BfUwTcADfiUHktoiKfM0DMAriOdl//KJFBspIGTQXEoP":{"chainKey":{"counter":0,"key":"NP5S6Ifnd6wkoaomAI9iDFnDiFk86tfmMBsgJESEHOU="},"chainType":1,"messageKeys":{}}},"pendingPreKey":{"signedKeyId":8,"baseKey":"BbIve3FhdHmlsTzBy1yCUICHmx4RabmS/BuKBn/o1Gss"}}},"version":"v1"}