{"_sessions":{"BdNwXdbjOSmZELqIk28P3EyaNyMpvdQE6gAf2P50HDdL":{"registrationId":185435153,"currentRatchet":{"ephemeralKeyPair":{"pubKey":"BVuwZoN3AZc2WyKgWrSwiXTNMlkLrcfAOn5QTmv2DmI3","privKey":"6CU1c97TWY8k4I3+URdl5gOBe08GeEi/ahXc6edR530="},"lastRemoteEphemeralKey":"BVOy85VdprQMvrRoFtZEKlK8tVZ3Mu8I4SoELq+TAtFT","previousCounter":0,"rootKey":"JetfiVVpOGe3ZXVr9u405cPB6ahzQqjjPPpax7CIofc="},"indexInfo":{"baseKey":"BdNwXdbjOSmZELqIk28P3EyaNyMpvdQE6gAf2P50HDdL","baseKeyType":1,"closed":-1,"used":1706443569630,"created":1706443569630,"remoteIdentityKey":"BQ1K1JvcvZTkEngM4kGh0eGoD7BD11PyqWgrJOn5bi0c"},"_chains":{"BVuwZoN3AZc2WyKgWrSwiXTNMlkLrcfAOn5QTmv2DmI3":{"chainKey":{"counter":0,"key":"bNxrJIbSQunDSxybcY2T0Prm0tOkEruAKvzHyrAOvXg="},"chainType":1,"messageKeys":{}}},"pendingPreKey":{"signedKeyId":4065999,"baseKey":"BdNwXdbjOSmZELqIk28P3EyaNyMpvdQE6gAf2P50HDdL","preKeyId":56060}}},"version":"v1"}