{"_sessions":{"BZ/ZsOsgJiKhmt4c5ZfH0kDF4gDodD4gUFgfrvtNrwpq":{"registrationId":920039847,"currentRatchet":{"ephemeralKeyPair":{"pubKey":"BaO+P7ZMIAnYUVZ1l0XaEgWZPVE4g6Phg23fgai14BNN","privKey":"+IAYnbwJ6wJRcyvCPGWcEcCu3TNF8PAZungUJ7mH3HQ="},"lastRemoteEphemeralKey":"BRo4HOxzZpj61LI2hf/uS7Dzf+rqITT+bkI101bYRmEP","previousCounter":0,"rootKey":"CyMpn2pGiAwCg8wkk6QMVH9TB1u25ML8ZaBcbaIGaNQ="},"indexInfo":{"baseKey":"BZ/ZsOsgJiKhmt4c5ZfH0kDF4gDodD4gUFgfrvtNrwpq","baseKeyType":1,"closed":-1,"used":1706443569561,"created":1706443569561,"remoteIdentityKey":"BaxvFiiKn5HSgVtf8Se1qjoYp8Txm8uWySBU4NFI1s15"},"_chains":{"BaO+P7ZMIAnYUVZ1l0XaEgWZPVE4g6Phg23fgai14BNN":{"chainKey":{"counter":0,"key":"6YUcIamV0SSyjof1PqTzaKlT7P1OEpAPe0bli/sPTAU="},"chainType":1,"messageKeys":{}}},"pendingPreKey":{"signedKeyId":11,"baseKey":"BZ/ZsOsgJiKhmt4c5ZfH0kDF4gDodD4gUFgfrvtNrwpq"}}},"version":"v1"}