{"_sessions":{"BerBvuRc3W+Af1w8WtHGfOsju0/2alhglBYJoM8U2xNg":{"registrationId":384051802,"currentRatchet":{"ephemeralKeyPair":{"pubKey":"Bc1RJ2mGA5rpkNvx8610sYJU/zOTPTL44nhXAFPuCNpI","privKey":"SMm0y6tGyRW48T4x6gMZ8GSDWs3ETU4g9Oe2jW9kBk8="},"lastRemoteEphemeralKey":"BUzXrXy0u1hfCcaMtir072gMK1rMnplR0WhUjqx89jVA","previousCounter":0,"rootKey":"O1s4iP58NUef4YucTPvgZemD/pgalPpXjoyys/k5eVI="},"indexInfo":{"baseKey":"BerBvuRc3W+Af1w8WtHGfOsju0/2alhglBYJoM8U2xNg","baseKeyType":1,"closed":-1,"used":1706443569493,"created":1706443569493,"remoteIdentityKey":"BYm5gScywsfc4sPRNrM3d5cnoKGWQ5TleCJieCr8WW0+"},"_chains":{"Bc1RJ2mGA5rpkNvx8610sYJU/zOTPTL44nhXAFPuCNpI":{"chainKey":{"counter":0,"key":"LAo9hlVOEfSbVFO7vAGp4W7VSce3DAzDYwNkDuNPR+Y="},"chainType":1,"messageKeys":{}}},"pendingPreKey":{"signedKeyId":1,"baseKey":"BerBvuRc3W+Af1w8WtHGfOsju0/2alhglBYJoM8U2xNg","preKeyId":1668911}}},"version":"v1"}