{"_sessions":{"BaoJJO/VDZIJbbO4fglqDlVx6O3sr44yAw/X5emZfdEi":{"registrationId":1744917091,"currentRatchet":{"ephemeralKeyPair":{"pubKey":"BT4fYEgAn6d6vq9e/ClB6a2fFntWWbucG65kK/NTj74n","privKey":"MGCvdFQhDI7RMLpRKRIRJJCLCT/HUPurIq+ZxdWq5FM="},"lastRemoteEphemeralKey":"BVEQR5FzId3Pq8Q5SEd6843GeqQMEvmTVyJNNyweTkEG","previousCounter":0,"rootKey":"KCUjniaz1AwGQxVdaATqr6x57GcQqqWPLdaTQ/phOko="},"indexInfo":{"baseKey":"BaoJJO/VDZIJbbO4fglqDlVx6O3sr44yAw/X5emZfdEi","baseKeyType":1,"closed":-1,"used":1706443569875,"created":1706443569875,"remoteIdentityKey":"BdZ9zg/lDMgrbMq79MMnHeYOg7XbxU+5FAoG7pwF0HRb"},"_chains":{"BT4fYEgAn6d6vq9e/ClB6a2fFntWWbucG65kK/NTj74n":{"chainKey":{"counter":0,"key":"eHuR/Wo0PhEaAyQIXUDQPpgw47JkkAoxQS8HyvHWkeo="},"chainType":1,"messageKeys":{}}},"pendingPreKey":{"signedKeyId":1,"baseKey":"BaoJJO/VDZIJbbO4fglqDlVx6O3sr44yAw/X5emZfdEi","preKeyId":5024845}}},"version":"v1"}