{"_sessions":{"BYRzX0abuUfmn8bEJ3rLex7Ag0nql1LW2wq18iV60sRG":{"registrationId":1995921366,"currentRatchet":{"ephemeralKeyPair":{"pubKey":"Bcuq7ekLMUX5AG7hn6Rt4P5hKFVgprhBwzdmJ0HP5SN+","privKey":"eDIgRTggylLDJv8tx4Zk/syDRDVrpg+29sYvUizc4H4="},"lastRemoteEphemeralKey":"BQHDC0yd5mS6CmNBs4ITlW5GjTdevkUQUoUYtLEhRasR","previousCounter":0,"rootKey":"XNIzUL8QmQFoTQ7PSB1yCTaj+MHoUwteyhzG9dMFkHs="},"indexInfo":{"baseKey":"BYRzX0abuUfmn8bEJ3rLex7Ag0nql1LW2wq18iV60sRG","baseKeyType":1,"closed":-1,"used":1706443569928,"created":1706443569928,"remoteIdentityKey":"BTTQJVtQRW/B7GBFEyMJlRbxwIVdRxKbNsF2TpyAdsR4"},"_chains":{"Bcuq7ekLMUX5AG7hn6Rt4P5hKFVgprhBwzdmJ0HP5SN+":{"chainKey":{"counter":0,"key":"UuQae7k15Tz6Ouj48brHUaAOwNZnT++vJU27Rviave4="},"chainType":1,"messageKeys":{}}},"pendingPreKey":{"signedKeyId":0,"baseKey":"BYRzX0abuUfmn8bEJ3rLex7Ag0nql1LW2wq18iV60sRG","preKeyId":13690083}}},"version":"v1"}