{"_sessions":{"Bb3K17HdUXx8zIxqy2r1G/rRMph+2U60M93QzUfgId0M":{"registrationId":1328198580,"currentRatchet":{"ephemeralKeyPair":{"pubKey":"BWzimamEFFg9TO92I4biTdrX28/4Xrr27yg6zEnEvYlI","privKey":"cCYtPpi9BhU8ryxyQ4G+VL8ci6eq1oH4lebjOFUqL3s="},"lastRemoteEphemeralKey":"BQacoaFChdh3Y2BkzE5FihkIIsPy2XoNi4z3jYx8v202","previousCounter":0,"rootKey":"B/rhHARTCbEhRUobIOX4/DYFb5EkjooBtohvbAZ86mU="},"indexInfo":{"baseKey":"Bb3K17HdUXx8zIxqy2r1G/rRMph+2U60M93QzUfgId0M","baseKeyType":1,"closed":-1,"used":1706443569560,"created":1706443569560,"remoteIdentityKey":"BSOpkqb7JTg0mW7dI5uv7StJJ3nPuZ9MpO3YHZptNMQK"},"_chains":{"BWzimamEFFg9TO92I4biTdrX28/4Xrr27yg6zEnEvYlI":{"chainKey":{"counter":0,"key":"Sn6xs9Xo3mxIXS8U2xct5olnL66hsO9kKYVAm6m9djE="},"chainType":1,"messageKeys":{}}},"pendingPreKey":{"signedKeyId":8,"baseKey":"Bb3K17HdUXx8zIxqy2r1G/rRMph+2U60M93QzUfgId0M","preKeyId":10208383}}},"version":"v1"}