{"_sessions":{"BQVO9JBktevlHm0Skg2xSBJQAdxhn3jeTOzc3z+i+jAp":{"registrationId":132019944,"currentRatchet":{"ephemeralKeyPair":{"pubKey":"BbbT/66myfL6l1kj1LQMtEC1aa2pSpjkvJwJz9KGuDQm","privKey":"+NykXYCPYrTg0yZhRZxdN0ATN3m0Lx+iijOkHrSHg08="},"lastRemoteEphemeralKey":"BSH4TeXHtkqnFs5FEDfrPB4a9YwU8A8x/KvHfu5LR1Q6","previousCounter":0,"rootKey":"/30fiSOEkt1SnzRc6JNDHeRJ7iTQFxEQj4GBkvRCJGc="},"indexInfo":{"baseKey":"BQVO9JBktevlHm0Skg2xSBJQAdxhn3jeTOzc3z+i+jAp","baseKeyType":1,"closed":-1,"used":1706443569473,"created":1706443569473,"remoteIdentityKey":"BQAUnCyGfBa2lbSAYc2vRMo5HFA5gzYT6wyEO/ZwBSAq"},"_chains":{"BbbT/66myfL6l1kj1LQMtEC1aa2pSpjkvJwJz9KGuDQm":{"chainKey":{"counter":0,"key":"YMCZssFT0W1XfV5yMZmbdqZL8yeo8CRL67lerV/Mm94="},"chainType":1,"messageKeys":{}}},"pendingPreKey":{"signedKeyId":10,"baseKey":"BQVO9JBktevlHm0Skg2xSBJQAdxhn3jeTOzc3z+i+jAp","preKeyId":6922003}}},"version":"v1"}