{"_sessions":{"BdbU865Fhj9Tl/mNp4bYBWA/Qwtq/0VQzYSpYUFKmyw1":{"registrationId":548446788,"currentRatchet":{"ephemeralKeyPair":{"pubKey":"BdCwk/OWsoML4ze09Sn+y6a+EnEbYQNHTzXsOa8OOGdp","privKey":"QCaW4YrGL/Ia52KbTvx15wEM++H4YR4RPRe76mHR7UA="},"lastRemoteEphemeralKey":"BRN6x+A7wHzC59vyG8gn3loD7p0bieprG/jfj/q2c75e","previousCounter":0,"rootKey":"HY2mUF6BLdJMKALlGG6/Ky0DTGrUeK9OBpJLp4RzPio="},"indexInfo":{"baseKey":"BdbU865Fhj9Tl/mNp4bYBWA/Qwtq/0VQzYSpYUFKmyw1","baseKeyType":1,"closed":-1,"used":1706443569933,"created":1706443569933,"remoteIdentityKey":"BXLY7b779ZVz8Ej/4eDG0aOm0poFhPeJHq533ZL75o4Y"},"_chains":{"BdCwk/OWsoML4ze09Sn+y6a+EnEbYQNHTzXsOa8OOGdp":{"chainKey":{"counter":0,"key":"Hc5X+JDdWZ85R5uK5oPK50GEaNSxogwZZLFjvLodvIA="},"chainType":1,"messageKeys":{}}},"pendingPreKey":{"signedKeyId":40,"baseKey":"BdbU865Fhj9Tl/mNp4bYBWA/Qwtq/0VQzYSpYUFKmyw1","preKeyId":14236961}}},"version":"v1"}