{"_sessions":{"BWQSmdKxIxONjbloPmQ84e+soJsl6SKYsKfBv9Rp2bds":{"registrationId":60272554,"currentRatchet":{"ephemeralKeyPair":{"pubKey":"Bc/i/6HSkPGPHPpquIR7YgrUgS64LP6rs8S29TLuMRIf","privKey":"yGXjin5ncdeGqYXtTnApHR1Qmn4uuxLdJc8oaIgO60k="},"lastRemoteEphemeralKey":"BXGFV8iKQ5rzn5VR8Mv8gEsNnihEgFABAOeWc+6ZiQgt","previousCounter":0,"rootKey":"dfVs9T28NVzDQQdPbG+1j1F6kr9LugJNLEr7UCqcV+c="},"indexInfo":{"baseKey":"BWQSmdKxIxONjbloPmQ84e+soJsl6SKYsKfBv9Rp2bds","baseKeyType":1,"closed":-1,"used":1706443569795,"created":1706443569795,"remoteIdentityKey":"BSnqn8PnBMRBksG7M/mZ/HD3j5CpQz3WjD7XtucwMNkd"},"_chains":{"Bc/i/6HSkPGPHPpquIR7YgrUgS64LP6rs8S29TLuMRIf":{"chainKey":{"counter":0,"key":"rpbEdevw2St9mrLE6xdFwy8S4CQRKHy2/OfO/lVk/3g="},"chainType":1,"messageKeys":{}}},"pendingPreKey":{"signedKeyId":16,"baseKey":"BWQSmdKxIxONjbloPmQ84e+soJsl6SKYsKfBv9Rp2bds","preKeyId":12479435}}},"version":"v1"}