{"_sessions":{"BSFZcrMyh8jMVX/xREDKPpk+laZ5C1VsCZbjXFjCFo0Q":{"registrationId":880128438,"currentRatchet":{"ephemeralKeyPair":{"pubKey":"BeSBAcN93MAcKC8VouzXIhkFGM/Q8ydR95zbB4v0GM4o","privKey":"gM6vmBuzbgjQcsqUBSgqOwwTCcjBgY1fEzqApdyEt2Y="},"lastRemoteEphemeralKey":"BUa3dOZs0hBg6DbIfdKKd1itHNjRd4mquTM3/bFwnzMc","previousCounter":0,"rootKey":"fjtEMg56Sj9qwQTb+7x7T6o6zYyE9QSjiWVA42CWCXA="},"indexInfo":{"baseKey":"BSFZcrMyh8jMVX/xREDKPpk+laZ5C1VsCZbjXFjCFo0Q","baseKeyType":1,"closed":-1,"used":1706443569395,"created":1706443569395,"remoteIdentityKey":"BQwntf8cfQQryHOSPx2zRG4mrc56IOLinyjV0kjeiEoX"},"_chains":{"BeSBAcN93MAcKC8VouzXIhkFGM/Q8ydR95zbB4v0GM4o":{"chainKey":{"counter":0,"key":"M4hZp9HNxKh7BlH/+KMYN8Nd9ttEEeCLDHPanUi0+08="},"chainType":1,"messageKeys":{}}},"pendingPreKey":{"signedKeyId":8,"baseKey":"BSFZcrMyh8jMVX/xREDKPpk+laZ5C1VsCZbjXFjCFo0Q","preKeyId":15008333}}},"version":"v1"}