{"_sessions":{"BRMSVLNWA+rKclQte/4t8dXZmBxEqC2ls13L35CooH9a":{"registrationId":613417351,"currentRatchet":{"ephemeralKeyPair":{"pubKey":"Bb28em55UmGIvJ7PPdgaZ6HT/Ruz8ggEncH1NMkf4t4r","privKey":"CEwQsyGHisdCBv93duQLRJkoKsBJl/G8jp4WZhvP5GA="},"lastRemoteEphemeralKey":"BWuyjhlaU/bF/H2U3ZmFpv9xDx7LcQeDOLE8LeioSOM1","previousCounter":0,"rootKey":"1a5S19ibfDMaV81PCjowVy9zQvkEvmO5j6HusS3ZIdw="},"indexInfo":{"baseKey":"BRMSVLNWA+rKclQte/4t8dXZmBxEqC2ls13L35CooH9a","baseKeyType":1,"closed":-1,"used":1706407675832,"created":1706407675832,"remoteIdentityKey":"Bafxq67qRqmxuy3l6b1HZ52i8Z2UdgujdOgcD4wLiWQ1"},"_chains":{"Bb28em55UmGIvJ7PPdgaZ6HT/Ruz8ggEncH1NMkf4t4r":{"chainKey":{"counter":31,"key":"+MaUR6+qAxtuyX4tkbi0xLoOaybWhGOGN4AKYC1+xck="},"chainType":1,"messageKeys":{}}},"pendingPreKey":{"signedKeyId":0,"baseKey":"BRMSVLNWA+rKclQte/4t8dXZmBxEqC2ls13L35CooH9a","preKeyId":2706944}}},"version":"v1"}