{"_sessions":{"BWlxw2QmzexfxOugLuSxYikFTW8WAYtaoaBKi8extOFD":{"registrationId":562016820,"currentRatchet":{"ephemeralKeyPair":{"pubKey":"BVRjIJEF1ncNRjosWWCh1sPoxdd36lX85RB9jRRLGcFR","privKey":"SFWkifTsv1I/1T6XP8aerQjtizuRUazn/bkBFUh80mc="},"lastRemoteEphemeralKey":"BdPaB9R2O9lq4pIHa/TMQ2PmnzmSCqS0PKxww3UbtgAB","previousCounter":0,"rootKey":"1YwZ2yFqPAIeOSZIkhY5bzBnNdohNjqhyYIk6GV5tdM="},"indexInfo":{"baseKey":"BWlxw2QmzexfxOugLuSxYikFTW8WAYtaoaBKi8extOFD","baseKeyType":1,"closed":-1,"used":1706443569458,"created":1706443569458,"remoteIdentityKey":"BeXMkszKHnpgeqhGQpGpWsvzaj1AaiZg8/snEPPdeO14"},"_chains":{"BVRjIJEF1ncNRjosWWCh1sPoxdd36lX85RB9jRRLGcFR":{"chainKey":{"counter":0,"key":"M/1vQhSnx9v3PWjDw1uaiFl9+tCQwS2q72LlnOJwIn8="},"chainType":1,"messageKeys":{}}},"pendingPreKey":{"signedKeyId":3,"baseKey":"BWlxw2QmzexfxOugLuSxYikFTW8WAYtaoaBKi8extOFD","preKeyId":2090933}}},"version":"v1"}