{"_sessions":{"BcVkzO6FYXMZH0pMOHziItoCDrf6yOjFngTKVTGdSEJ3":{"registrationId":242166571,"currentRatchet":{"ephemeralKeyPair":{"pubKey":"BcCD93ptDg6X6AK0JOvAgXjPSndfDoQWEpzla0t2m6VF","privKey":"2I28KfYp+K8qpVNjAB0wltW/LwqG6NOZnJIkEWjMRFo="},"lastRemoteEphemeralKey":"BcWO7+ik765YcCaEe/9Z9b4JoDSYjlt7982zk9JyPGkj","previousCounter":0,"rootKey":"ulXATgnNVsbpeXyoGErBs1AzBs9CGrvI3f83SIQ7vRg="},"indexInfo":{"baseKey":"BcVkzO6FYXMZH0pMOHziItoCDrf6yOjFngTKVTGdSEJ3","baseKeyType":1,"closed":-1,"used":1706443569782,"created":1706443569782,"remoteIdentityKey":"Bdyqf3kTbEatCFGB4f6wnDfAzOYzATJTn/NdTgCpfyJq"},"_chains":{"BcCD93ptDg6X6AK0JOvAgXjPSndfDoQWEpzla0t2m6VF":{"chainKey":{"counter":0,"key":"Uz+VUKlXo7LoRpkDp9Rv9sYtDf554x8eVBVco0FE05A="},"chainType":1,"messageKeys":{}}},"pendingPreKey":{"signedKeyId":17,"baseKey":"BcVkzO6FYXMZH0pMOHziItoCDrf6yOjFngTKVTGdSEJ3","preKeyId":4351624}}},"version":"v1"}