{"_sessions":{"BVl7WLZ8EtvSLgwxgU/Rud2y88uSh+PXOMkTfspDiINk":{"registrationId":955828604,"currentRatchet":{"ephemeralKeyPair":{"pubKey":"Bd1WgDrhSzoMBNu7ECSkKL1kYq3ACHIYPW8o2qQS2sof","privKey":"YE+Tnfhvl2AWso8kH9HCFjOGtORcPvNJ9VWwgg4KbGo="},"lastRemoteEphemeralKey":"BRZ3TqwpI8nlnR3/4SXTOyZ9ioujtxBX1GxEvPzW9E0F","previousCounter":0,"rootKey":"Lzl3Gz1UUu4FK7RGc/azvLdCl3n5hV7BsxApVKWn8S0="},"indexInfo":{"baseKey":"BVl7WLZ8EtvSLgwxgU/Rud2y88uSh+PXOMkTfspDiINk","baseKeyType":1,"closed":-1,"used":1706443569343,"created":1706443569343,"remoteIdentityKey":"BZcT8IXUnZrfGe38h8AVwYuuFHfGMGETM6wNWQwvWcUB"},"_chains":{"Bd1WgDrhSzoMBNu7ECSkKL1kYq3ACHIYPW8o2qQS2sof":{"chainKey":{"counter":0,"key":"3bgOcFG/OWf2dZ0SLVw3Sld/xTJIqnN6uZWbnb3vcjU="},"chainType":1,"messageKeys":{}}},"pendingPreKey":{"signedKeyId":0,"baseKey":"BVl7WLZ8EtvSLgwxgU/Rud2y88uSh+PXOMkTfspDiINk","preKeyId":15471115}}},"version":"v1"}