{"_sessions":{"BUmZoMFmXVca07VO2Sw8v9tIn+K0gINx8FlDYfTkxnUj":{"registrationId":1778353512,"currentRatchet":{"ephemeralKeyPair":{"pubKey":"BRFJRMZOP/FMs8ikpzmicTfhpTt0yvJCmFPH3QWzvhI6","privKey":"0DYKDeybBTHWlbVO+sXvaNxCiKviiuYjQuI03UU7aGc="},"lastRemoteEphemeralKey":"Bb0y44JgSggdy8P20g8GrAfYGrAeRtuQUSzm0DZ0QeRV","previousCounter":0,"rootKey":"xN+MjXE0IDAZXCxRyfoRpuzI3VNSuFgzBKjnAx/r2ow="},"indexInfo":{"baseKey":"BUmZoMFmXVca07VO2Sw8v9tIn+K0gINx8FlDYfTkxnUj","baseKeyType":1,"closed":-1,"used":1706407675869,"created":1706407675869,"remoteIdentityKey":"BSpAqL4wMDAprfu7c3Bd3jEadacmvomrdsydAkNJe+x9"},"_chains":{"BRFJRMZOP/FMs8ikpzmicTfhpTt0yvJCmFPH3QWzvhI6":{"chainKey":{"counter":31,"key":"rtFKtXyq4lOM91zYzhTsKGXkdoMmDjaoeyBTD9kbHg4="},"chainType":1,"messageKeys":{}}},"pendingPreKey":{"signedKeyId":43,"baseKey":"BUmZoMFmXVca07VO2Sw8v9tIn+K0gINx8FlDYfTkxnUj","preKeyId":72486}}},"version":"v1"}