{"_sessions":{"BcU+Gv7jwM4MsOX5L71iQo1TGozSXpe6eaYqkurodu8n":{"registrationId":14021,"currentRatchet":{"ephemeralKeyPair":{"pubKey":"BeBx/FuoFxXdiDKvMTgqoWnDxgdbDCcXLnDpFRRpHNsQ","privKey":"kIKDiXDprKIk17jFTU0gA9GjU68i6lLCje529XzmvlI="},"lastRemoteEphemeralKey":"Bd7rmW15zzzmLt+zI9Fwxnxsr4pj3+kL5fPMufwOoxRJ","previousCounter":0,"rootKey":"3Zkiw/1K9ZUPVuArxioBKxaC56KOpY8rF2oxUYxYQwg="},"indexInfo":{"baseKey":"BcU+Gv7jwM4MsOX5L71iQo1TGozSXpe6eaYqkurodu8n","baseKeyType":1,"closed":-1,"used":1706407675726,"created":1706407675726,"remoteIdentityKey":"BeKoVgpz2Hsvgv6EWjxDoHNzDEBMYkrWekRxA9kosQBp"},"_chains":{"BeBx/FuoFxXdiDKvMTgqoWnDxgdbDCcXLnDpFRRpHNsQ":{"chainKey":{"counter":31,"key":"PPmNRVfiu7Q9oCKO2FzNNMulccB7ay5SvLTWY5qEQgQ="},"chainType":1,"messageKeys":{}}},"pendingPreKey":{"signedKeyId":1,"baseKey":"BcU+Gv7jwM4MsOX5L71iQo1TGozSXpe6eaYqkurodu8n"}}},"version":"v1"}